ID_investigadores,nombrecompleto,carrera_rec,categoria_grado,institucion_estudio,institucion_estudio_rec,pais_rec,especializacion,ofos1_rec,ambito_trabajo,institucion_trabaja,institucion_trabaja_rec,cargo,unidad1,unidad2,ciudad_trabaja,ciudad_trabaja_rec,region_trabaja,numero_publicaciones,numero_publicaciones_wos,Citaciones,impacto_autor,ofos_1
6504439865,Juan Flores,"Ingeniero Forestal,Doctor en Hidráulica Ambiental","1,4","Universidad de Talca,Universidad de Córdoba","174,128","ch, ar","Forestry and Wood Industry,Civil Engineering","1,3",3,Ministerio de Agricultura,483,Coordinador de Proyectos,Centro de Información Recursos Naturales,#s.i.,Santiago,1,14,1,1,0,0.07,1
6504441426,Juan Carlos Parra Aravena,"Máster en Física,Profesor en Ciencias Naturales y Física,Doctor en Ciencias Ambientales","3,1,4","Universidad Austral de Chile,Pontificia Universidad Católica de Chile,Universidad de Concepción","94,67,127","ch,ch,ch","Physics, Astronomy,Physics, Astronomy,Environmental Engineering","4,4,3",1,Universidad de La Frontera,146,Profesor Asociado Nivel A,Facultad de Ingeniería y Ciencias,Departamento de Ciencias Físicas,Temuco,13,9,1,1,0,1.47,4
6506337825,Ximena Vargas Mesa,"Ingeniero Civil, mención Hidráulica",1,Universidad de Chile,125,ch,Civil Engineering,3,1,Universidad de Chile,125,Profesor Titular,Facultad de Ciencias Físicas y Matemáticas,Departamento de Ingeniería Civil,Santiago,1,14,7,4,40,13.48,4
6506610202,Rómulo Oses Pedraza,"Máster en Ciencias Forestales,Biólogo,Doctor en Ciencias Biológicas","3,1,4","Universidad de Concepción,Universidad de Concepción,Universidad de Concepción","127,127,127","ch,ch,ch","Forestry and Wood Industry,Biology,Biology","1,4,4",1,Centro de Estudios Avanzados en Zonas Áridas,823728,Investigador Asociado,Laboratorio de Ecología Terrestre,#s.i.,La Serena,4,4,2,2,4,0.58,1
6507079284,José Luis Arumí Ribera,"Ingeniero Civil,Doctor en Ingeniería","1,4","Universidad Técnica Federico Santa María,University of Nebraska","240,275","ch,usa","Civil Engineering,--","3,3",1,Universidad de Concepción,127,Decano,Facultad de Ingeniería Agrícola,#s.i.,Chillán,3,8,30,21,67,19.59,1
6507637468,Francisco Encina,"Biólogo Marino,Doctor en Ciencias Ambientales","1,4","Universidad de Concepción,Universidad de Concepción","127,127","ch,ch","Biology,Environmental Engineering","4,3",1,Universidad Católica de Temuco,104,Investigador ,Facultad de Recursos Naturales, Escuela de Ciencias Ambientales,Temuco,13,9,3,3,5,1.81,4
6601975681,Olga Barbosa,"Postdoctorado en Ecología Urbana,Licenciada en Ciencias Biológicas,Doctora en Ecología","5,1,4","Pontificia Universidad Católica de Chile,Pontificia Universidad Católica de Chile",#N/A,"ch, ch","Biology,Biology,Biology","4,4,4",1,Universidad Austral de Chile,94,Académico,Facultad de Ciencias,Instituto de Ciencias Ambientales y Evolutivas,Valdivia,17,10,2,2,15,4.77,
6602191993,Eduardo Varas Castellón,"Máster en Ciencias,Ingeniero Civil,Bachiller en Ciencias Matemáticas,Doctor en Ingeniería","3,1,1,4","Leland Stanford Junior University,Pontificia Universidad Católica de Chile,Pontificia Universidad Católica de Chile,Leland Stanford Junior University","47,67,67,47","usa,ch,ch,usa","--,Civil Engineering,Mathematics,--","4,3,4,3",1,Pontificia Universidad Católica de Chile,67,"Profesor, Investigador",Escuela de Ingeniería,Departamento de Ingeniería Hidráulica y Ambiental ,Santiago,1,14,1,1,15,3.33,3
6602208679,Sergio Acuña Nelson,"Ingeniero en Alimentos,Doctor en Ciencias de la Ingeniería, mención Química","1,4","Universidad del Bío Bío,Universidad de Concepción","184,127","ch,ch","Food Technology,Chemical Process Engineering","3,3",1,Universidad del Bío Bío,184,Director,"Dirección General de Investigación, Desarrollo e Innovación",#s.i.,Concepción,7,8,1,1,14,0,4
6602258415,Claudio Valdovinos,"Biólogo,Doctor en Ciencias, mención Zoología, Conservación de Biodiversidad y Recursos Acuáticos Continentales","1,4","Universidad de Concepción,Universidad de Concepción","127,127","ch,ch","Biology,Biology","4,4",1,Universidad de Concepción,127,Director,Vicerrectoría de Investigación y Desarrollo,#s.i.,Concepción,7,8,3,3,4,2.45,4
6602596557,Stefan Woelfl,"Máster en Biología,Doctor en Ciencias Naturales","3,4",University of Konstanz,#N/A,al,"Biology,--","4,4",1,Universidad Austral de Chile,94,Profesor Titular,Facultad de Ciencias,Instituto de Ciencias Marinas y Limnológicas,Valdivia,17,10,4,4,9,4.25,4
6603107360,Andrés Muñoz Pedreros,"Máster en Ecología,Médico Veterinario,Doctor en Ciencias Ambientales","3,1,4","Universidad Austral de Chile,Universidad Austral de Chile,Universidad de Concepción","94,94,127","ch,ch,ch","Biology,Veterinary Medicine,Environmental Engineering","4,1,3",1,Universidad Católica de Temuco,104,Profesor ,Facultad de Recursos Naturales, Escuela de Ciencias Ambientales,Temuco,13,9,6,6,2,3.41,4
6603145197,Andrés Iroumé,"Máster en Ciencias, mención en Manejo de Recursos,Ingeniero Civil,Doctor en Ciencias Forestales","3,1,4","The University of Edinburgh,Universidad de Chile,Universidad de Göttingen","86,125,137","esc,ch,al","Agriculture and Forestry, Fishery not elsewhere classified,Civil Engineering,Forestry and Wood Industry","1,3,1",1,Universidad Austral de Chile,94,Profesor Titular,Facultad de Ciencias Forestales y Recursos Naturales,#s.i.,Valdivia,17,10,15,13,140,22.97,3
6603171626,Julio Haberland,"Ingeniero Agrónomo ,Doctor en Ingeniería Agrícola","1,4","Universidad de Chile,University of Arizona","125,247","ch,usa","Cultivation of Land, Horticulture,Cultivation of Land, Horticulture","1,1",1,Universidad de Chile,125,Profesor Asistente,Facultad de Ciencias Agronómicas,Departamento de Ingeniería y Suelos,Santiago,1,14,1,1,6,0.55,1
6603288395,Samuel Ortega Farías,"Máster en Ingeniería en Riego,Ingeniero Agrónomo, mención Enología,Doctor en Modelamiento bio-matemático","3,1,4","Oregon State University,Pontificia Universidad Católica de Chile,Oregon State University","63,67,63","usa,ch,usa","Cultivation of Land, Horticultura,Cultivation of Land, Horticulture,Mathematics","1,1,4",1,Universidad de Talca,174,Director,Centro de Investigación de Agroclimatología y Riego,#s.i.,Talca,5,7,10,5,152,11.48,1
6603357163,Francisco Meza Álvarez,"Ingeniero Agrónomo ,Doctor en Ciencias Atmosféricas","1,4","Pontificia Universidad Católica de Chile,Cornell University","67,17","ch,usa","Cultivation of Land, Horticulture,Meteorology, Climatology","1,4",1,Pontificia Universidad Católica de Chile,67,Profesor Titular,Facultad de Agronomía e Ingeniería Forestal,Departamento de Ecosistemas y Medio Ambiente,Santiago,1,14,20,16,116,33.09,4
6603371198,Gino Casassa,"Máster en Ciencias en Geofísica, mención Glaciología,Ingeniero Hidráulico,Doctor en Glaciología","3,1,4","Universidad de Hokkaido,Universidad de Chile,Ohio State University","143,125,61","ja,ch,usa","Physics, Astronomy,Civil Engineering,Interdisciplinary Geosciences not elsewhere classified","4,3,4",1,Universidad de Magallanes,153,"Profesor, Investigador",Dirección de Programas Antárticos y Subantárticos,"Magister en Ciencias Antárticas, mención glaciología",Punta Arenas,19,13,15,11,464,31.86,4
6603578229,Cristián Echeverría Leal,"Máster en Ciencias Forestales,Ingeniero Forestal,Doctor","3,1,4","Universidad Austral de Chile,Universidad Austral de Chile,University of Cambridge","94,94,252","ch,ch,uk","Forestry and Wood Industry,Forestry and Wood Industry,--",#N/A,1,Universidad de Concepción,127,Director Departamento Manejo de Bosques y Medio Ambiente,Facultad de Ciencias Forestales,Departamento de Ciencias Forestales,Concepción,7,8,1,0,5,3.51,
6603754497,María Angélica Mondaca Jara,"Bioquímica,Doctor en Ciencias Biológicas","1,4","Universidad de Chile,Universidad de Concepción","125,127","ch,ch","Chemistry,Biology","4,4",1,Universidad de Concepción,127,Profesora Emérito,Centro de Ciencias Ambientales EULA-Chile ,Facultad de Ciencias Biológicas,Concepción,7,8,3,2,9,4.71,3
6603850393,Patricio Aceituno,"Ingeniero Civil Electricista,Doctor en Meteorología","1,4","Universidad de Chile,University of Wisconsin, Madison","125,296","ch,usa","Electrical Engineering, Electronics, Information Engineering,Meteorology, Climatology","3,4",1,Universidad de Chile,125,Profesor Titular,Facultad de Ciencias Físicas y Matemáticas,Departamento de Geofísica,Santiago,1,14,3,2,46,3.86,4
6701322011,Eduardo Holzapfel Hoces,"Máster en Manejo de Aguas,Ingeniero Agrónomo,Doctor en Ingeniería","3,1,4","University of California,Universidad de Concepción,University of California","251,127,251","usa,ch,usa","Environmental Engineering,Cultivation of Land, Horticulture,--","3,1,3",1,Universidad de Concepción,127,Profesor Emérito ,Facultad de Ingeniería Agrícola,Departamento de Recursos Hídricos,Concepción,7,8,6,5,13,4.99,1
6701371309,Silvio Montalvo Martínez,"Ingeniero Químico,Doctor en Ingeniería Química","1,4","Universidad de La Habana,Escuela Técnica de Praga","147,31","cu,rc","Chemical Process Engineering,Chemical Process Engineering","3,3",1,Universidad de Santiago de Chile,170,#s.i.,Facultad de Ingeniería,Departamento de Ingeniería Geográfica,Santiago,1,14,3,0,4,5.54,
6701404949,René Garreaud,"Máster en Geofísica,Ingeniero Civil,Doctor en Ciencias Atmosféricas","3,1,4","Universidad de Chile,Universidad de Chile,University of Washington","125,125,293","ch,ch,usa","Physics, Astronomy,Civil Engineering,Meteorology, Climatology","4,3,4",1,Universidad de Chile,125,Profesor Titular,Facultad de Ciencias Físicas y Matemáticas,Departamento de Geofísica ,Santiago,1,14,6,5,98,13.94,4
6701640410,Vladimir Alarcón Calderón,"Máster en Ciencias, mención en Ingeniería Ambiental y Recursos Naturales,Diplomado en Docencia Universitaria,Ingeniero Civil,Doctor en Bioingeniería","3,2,1,4","State University of New York,Universidad Diego Portales,Universidad Mayor de San Andrés,Mississippi State University","80,190,208,54","usa,ch,bol,usa","Environmental Engineering,Educational Sciences,Civil Engineering,Environmental biotechnology","3,2,3,3",1,Universidad Diego Portales,190,Académico ,Facultad de Ingeniería,Escuela de Ingeniería en Obras Civiles,Santiago,1,14,10,2,10,5.11,3
6701733189,Carlos Oyarzún,"Bachiller en Ciencias,Licenciado en Ciencias,Doctor en Ciencias Ambientales","1,1,4","Universidad Austral de Chile,Universidad Austral de Chile,Universidad de Concepción","94,94,127","ch,ch,ch","--,--,Environmental Engineering","4,4,3",1,Universidad Austral de Chile,94,Profesor Titular,Facultad de Ciencias Forestales y Recursos Naturales,"Instituto de Conservación, Biodiversidad y Territorio",Valdivia,17,10,5,3,25,7.46,
6701747302,Giovanni Daneri,"Máster en Oceanografía,Doctor en Oceanografía","3,4","University of Southampton,University of Southampton","286,286","in,in","Hydrology,Hydrology","4,4",1,Centro de Investigación en Ecosistemas de la Patagonia,357,Director Ejecutivo,#s.i.,#s.i.,Coyhaique,14,12,2,0,32,3.27,
6701836809,Diego Morata Céspedes,"Licenciado en Geología,Doctor en Ciencias Geológicas","1,4","Universidad de Granada,Universidad de Granada","138,138","es,es","Geology, Mineralogy,Geology, Mineralogy","4,4",1,Universidad de Chile,125,"Profesor, Investigador",Facultad de Ciencias Físicas y Matemáticas, Departamento de Geología,Santiago,1,14,1,0,3,0.08,
7003352967,Jorge Jara Ramírez,"Máster en Ingeniería Agrícola, mención Riego y Drenaje,Ingeniero Agrónomo,Doctor en Ciencias de la Ingeniería","3,1,4","Universidad de Concepción,Universidad de Concepción,Washington State University","127,127,300","ch,ch,usa","Cultivation of Land, Horticulture,Cultivation of Land, Horticulture,--","1,1,3",1,Universidad de Concepción,127,Profesor Asociado ,Facultad de Ingeniería Agrícola,Departamento de Recursos Hídricos,Concepción,7,8,3,2,2,3.68,4
7003372165,José Rutllant Costa,"Diplomado en Estudios Avanzados en Geofísica, mención Física de la Atmósfera,Ingeniero Civil Electricista,Doctor en Meteorología","2,1,4","Universidad Paris Dauphine - Paris IX,Universidad de Chile,University of Wisconsin, Madison","220,125,296","fr,ch,usa","Physics, Astronomy,Electrical Engineering, Electronics, Information Engineering,Meteorology, Climatology","4,3,4",1,Universidad de Chile,125,Profesor Titular,Facultad de Ciencias Físicas y Matemáticas,Departamento de Geofísica,Santiago,1,14,2,0,38,4.9,
7003538302,Hugo Maturana,Doctor en Ciencias Exactas,4,Pontificia Universidad Católica de Chile,67,ch,Mathematics,4,1,Universidad de La Serena,148,Profesor Titular,Facultad de Ingeniería,#s.i.,La Serena,4,4,10,10,45,19.36,4
7003677477,Ricardo Barra Ríos,"Bioquímico,Doctor en Ciencias Ambientales","1,4","Universidad de Concepción,Universidad de Concepción","127,127","ch,ch","Chemistry,Environmental Engineering","4,3",1,Universidad de Concepción,127,Investigador,Centro de Ciencias Ambientales EULA-Chile,Unidad de Sistemas Acuáticos,Concepción,7,8,8,7,30,12.34,4
7003737536,Pedro Toledo Ramírez,"Máster en Ciencias de la Ingeniería, mención Ingeniería Química,Ingeniero Civil Químico,Doctor en Ingeniería Química","3,1,4","Universidad de Concepción,Universidad de Concepción,University of Minnesota","127,127,273","ch,ch,usa","Chemical Process Engineering,Chemical Process Engineering,Chemical Process Engineering","3,3,3",1,Universidad de Concepción,127,Profesor Titular,Facultad de Ingeniería Química,Departamento de Ingeniería Química,Concepción,7,8,2,1,18,0,4
7003994342,Patricio De Los Ríos Escalante,"Licenciado en Ciencias del Mar,Ingeniero en Acuicultura,Doctor en Ciencias, mención Sistemática y Ecología","1,1,4","Universidad de Antofagasta,Universidad de Antofagasta,Universidad Austral de Chile","116,116,94","ch,ch,ch","Hydrology
,Agriculture and Forestry, Fishery not elsewhere classified,Biology","4,1,4",1,Universidad Católica de Temuco,104,Profesor,Facultad de Recursos Naturales, Escuela de Ciencias Ambientales,Temuco,13,9,27,26,45,14.21,4
7004587005,Aldo Tamburrino Tavantzis,"Máster en Ciencias de la Ingeniería Civil,Ingeniero Civil,Doctor en Ingeniería Civil","3,1,4","University of Minnesota,Universidad de Chile,University of Minnesota","273,125,273","usa,ch,usa","Civil Engineering,Civil Engineering,Civil Engineering","3,3,3",1,Universidad de Chile,125,Profesor Asociado,Facultad de Ciencias Fisicas y Matemáticas, Departamento de Ingeniería Civil,Santiago,1,14,6,3,24,8.61,4
7004638881,Gonzalo Pizarro,"Máster en Ciencias de la Ingeniería,Ingeniero Civil,Doctor en Ingeniería Ambiental","3,1,4","Pontificia Universidad Católica de Chile,Pontificia Universidad Católica de Chile,University of Wisconsin, Madison","67,67,296","ch,ch,usa","--,Civil Engineering,Environmental Engineering","3,3,3",1,Pontificia Universidad Católica de Chile,67,"Profesor, Investigador",Escuela de Ingeniería,Departamento de Ingeniería Hidráulica y Ambiental ,Santiago,1,14,11,9,39,28.49,3
7004890330,Claudio Zaror Zaror,"Ingeniero Civil Químico,Doctor en Ingeniería Química","1,4","Universidad de Concepción,University of London","127,266","ch,uk","Chemical Process Engineering,Chemical Process Engineering","3,3",1,Universidad de Concepción,127,Docente,Facultad de Ingeniería,Departamento de Ingeniería Química,Concepción,7,8,5,2,50,5.35,3
7005419979,Jaime Tapia Sanhueza,"Licenciado en Química,Doctor en Ciencias, mención Química","1,4",Universidad de Concepción,#N/A,ch,"Chemistry,Chemistry","4,4",1,Universidad de Talca,174,Director,Instituto de Química de Recursos Naturales,#s.i.,Talca,5,7,5,5,16,4.24,4
7005677213,Ben Brock,"Geógrafo ,Doctor en Glaciología","1,4",,#N/A,#N/A,"Human Geography, Regional Geography, Regional Planning,Interdisciplinary Geosciences not elsewhere classified","2,4",1,Centro de Estudios Científicos,823729,Investigador Asociado,Laboratorio de Glaciología,#s.i.,Valdivia,17,10,1,1,2,4.2,
7005735928,Óscar Parra Barrientos,"Biólogo,Doctor en Recursos Naturales","1,4","Universidad de Concepción,Universidad Libre de Berlín","127,205","ch,al","Biology,Agriculture and Forestry, Fishery not elsewhere classified","4,1",1,Universidad de Concepción,127,Investigador,Centro de Ciencias Ambientales EULA-Chile,#s.i.,Concepción,7,8,7,5,49,7.05,4
7005818340,Roberto Godoy Bórquez,"Profesor de Biología y Química,Doctor en Recursos Naturales","1,4","Universidad Austral de Chile,Justus Liebig University","94,44","ch,al","Biology,Agriculture and Forestry, Fishery not elsewhere classified","4,1",1,Universidad Austral de Chile,94,Académico,Facultad de Ciencias,Instituto de Ciencias Ambientales y Evolutivas,Valdivia,17,10,2,1,19,3.42,
7005998792,Paulina Montero,"Ingeniero Pesquero y Acuícola,Máster en Oceanografía","1,3",,#N/A,#N/A,"Agriculture and Forestry, Fishery,Hydrology","1,4",1,Centro de Investigación en Ecosistemas de la Patagonia,357,Investigador residente,#s.i.,#s.i.,Coyhaique,14,12,1,0,3,3.27,
7006634082,Antonio Lara,"Ingeniero Forestal,Doctor en Geografía","1,4","Universidad de Chile,University of Colorado","125,256","ch,usa","Forestry and Wood Industry,Human Geography, Regional Geography, Regional Planning","1,2",1,Universidad Austral de Chile,94,Profesor Titular,Facultad de Ciencias Forestales y Recursos Naturales,#s.i.,Valdivia,17,10,7,6,52,15.29,3
7006719075,Jaime Pizarro Konczak,"Profesor en Química,Doctor en Ciencias, mención en Química","1,4","Universidad de Chile,University of Geneva","125,258","ch,su","Chemistry,Chemistry","4,4",1,Universidad de Santiago de Chile,170,Profesor Asociado,Facultad de Ingeniería, Departamento de Ingeniería Geográfica,Santiago,1,14,4,4,33,12.3,3
7101747340,María Pía Mena Patri,"Ingeniero Civil,Máster en Ingeniería Ambiental","1,3","Universidad de Chile,New York University","125,58","ch,usa","Civil Engineering,Environmental Engineering","3,3",1,Universidad de Chile,125,Profesor Adjunto,Facultad de Ciencias Físicas y Matemáticas,Departamento de Ingeniería Civil,Santiago,1,14,1,0,0,0,
7102094324,Christian Herrera Lameli,"Geólogo,Doctor en Hidrogeología","1,4","Universidad Católica del Norte,Universidad Politécnica de Cataluña","107,226","ch,es","Geology, Mineralogy,Hydrology","4,4",1,Universidad Católica del Norte,107,Investigador,Centro de Investigación Tecnológica del Agua en el Desierto,#s.i.,Antofagasta,10,2,3,3,29,8.32,4
7102103268,Bernabé Rivas,"Bioquímico,Doctor en Ciencias, mención en Química","1,4","Universidad de Concepción,Universidad de Concepción","127,127","ch,ch","Chemistry,Chemistry","4,4",1,Universidad de Concepción,127,Vicerrector,Vicerectoria de Investigación y Desarrollo,#s.i.,Concepción,7,8,26,23,171,71.79,4
7102297218,Jacobus Le Roux,Máster en Ciencias,3,University of Stellenbosch,288,sud,--,4,1,Universidad de Chile,125,Profesor Titular,Facultad de Ciencias Físicas y Matemáticas,Departamento de Geología,Santiago,1,14,1,0,8,1.74,
7102503885,Gladys Vidal Sáez,"Ingeniero Civil Industrial, mención Agroindustria,Doctor en Ciencias Ambientales, mención Química","1,4","Universidad de la Frontera,Universidad Santiago de Compostela","146,231","ch,es","--,Chemistry","3,4",1,Universidad de Concepción,127,Profesor Titular,Centro de Ciencias Ambientales EULA-Chile,Grupo de Ingeniería y Biotecnología Ambiental,Concepción,7,8,21,19,85,25.83,3
7102630622,Pablo Marquet,"Licenciado en Biología,Doctor en Biología","1,4","Universidad de Concepción,University of New Mexico","127,277","ch,usa","Biology,Biology","4,4",1,Pontificia Universidad Católica de Chile,67,Profesor Titular,Facultad de Ciencias Biológicas,Departamento de Ecología,Santiago,1,14,1,1,15,4.53,
7102638371,Duncan Christie,"Biólogo,Doctor en Ciencias Forestales","1,4","Universidad Católica de Valparaíso,Universidad Austral de Chile","105,94","ch,ch","Biology,Forestry and Wood Industry","4,1",1,Universidad Austral de Chile,94,Académico ,Facultad de Ciencias Forestales y Recursos Naturales,#s.i.,Valdivia,17,10,7,6,90,17.26,4
7102678786,Ricardo Márquez Berasain,Ingeniero de Ejecución Electrónica,1,Universidad católica del Norte,107,ch,"Electrical Engineering, Electronics, Information Engineering",3,1,Universidad de Antofagasta,116,Profesor Asistente,Facultad de Ingeniería,#s.i.,Antofagasta,10,2,1,1,2,2.43,
7102842636,Maisa Rojas,"Licenciado en Ciencias, mención Física,Doctor en Física Atmosférica","1,4","Universidad de Chile,University of Oxford","125,283","ch,uk","Physics, Astronomy,Physics, Astronomy","4,4",1,Universidad de Chile,125,Profesor Asociado,Facultad de Ciencias Físicas y Matemáticas,Departamento de Geofísica,Santiago,1,14,6,6,103,23.81,4
7201466439,Raimund Bürger,"Matemático,Doctor en Ciencias Naturales y Matemáticas","3,4",Universidad de Stuttgart,#N/A,al,"Mathematics,Mathematics","4,4",1,Universidad de Concepción,127,Subdirector,Centro de Investigación en Ingeniería Matemática,#s.i.,Concepción,7,8,4,4,79,12.66,3
7201505087,Bonifacio Fernández Larrañaga,"Máster en Ciencias,Ingeniero Civil,Doctor en Ingeniería Civil","3,1,4","Colorado State University,Pontificia Universidad Católica de Chile,Colorado State University","15,67,15","usa,ch,usa","--,Civil Engineering,Civil Engineering","4,3,3",1,Pontificia Universidad Católica de Chile,67,Profesor Emérito ,Escuela de Ingeniería,Departamento de Ingeniería Hidráulica y Ambiental ,Santiago,1,14,6,4,16,6.8,4
7202629589,Luca Mao,"Máster en Bosque y Ciencias Ambientales,Licenciado en Ciencias Forestales y Ambientales,Doctor en Manejo ambiental de las cuencas hidrográficas","3,1,4","Universidad de Padua,Universidad de Padua,Universidad de Padua","161,161,161","ita,ita,ita","Forestry and Wood Industry,Forestry and Wood Industry,Hydrology","1,1,4",1,Pontificia Universidad Católica de Chile,67,Profesor Titular,Facultad de Agronomía e Ingeniería Forestal,Departamento de Ecosistemas y Medio Ambiente,Santiago,1,14,44,25,296,63.08,4
7202770598,Claudio Meier,"Máster en Ingeniería Civil, mención Hidráulica,Ingeniero Civil,Doctor en Ecología","3,1,4","Colorado State University,Universidad de Concepción,University of Montana","15,127,274","usa,ch,usa","Civil Engineering,Civil Engineering,Biology","3,3,4",1,Universidad de Concepción,127,Profesor Asociado ,Facultad de Ingeniería,Departamento de Ingeniería Civil,Concepción,7,8,7,5,82,10.78,4
7203008441,Rodrigo Torres,"Máster en Oceanografía,Biólogo Marino,Doctor en Química","3,1,4","Universidad de Concepción,Universidad de Concepción,Universidad de Gotemburgo","127,127,136","ch,ch,sue","Hydrology,Biology,Chemistry","4,4,4",1,Centro de Investigación en Ecosistemas de la Patagonia,357,Investigador residente,#s.i.,#s.i.,Coyhaique,14,12,4,1,66,6.79,
7401603886,José Díaz Osorio,"Máster en Ciencias Agrarias,Ingeniero Agrónomo,Doctor en Ciencias Agrarias","3,1,4","University of Göttingen,Universidad de Chile,University of Göttingen","259,125,259","al,ch,al","Cultivation of Land, Horticulture,Cultivation of Land, Horticulture,Cultivation of Land, Horticulture","1,1,1",1,Universidad de Talca,174,Profesor Asociado,Facultad de Ciencias Agrarias,Departamento de Economía Agraria,Talca,5,7,1,0,4,3.11,
7403157315,Jonathan Barton,"Máster en Ciencias en Estudios Latinoamericanos,Geógrafo,Doctor en Historia Económica","3,1,4","University of Liverpool,University of Wales,University of Liverpool","265,292,265","uk,uk,uk","History, Archaeology,Human Geography, Regional Geography, Regional Planning,Economics","6,2,2",1,Pontificia Universidad Católica de Chile,67,Profesor Asociado,Instituto de Estudios Urbanos y Territoriales,Facultad de Arquitectura,Santiago,1,14,1,1,2,0.74,
7403494719,Alfonso Fernández Rivera,"Máster en Ciencias, mención Recursos Hídricos,Geógrafo,Doctor en Geografía","3,1,4","Universidad Austral de Chile,Universidad de Chile,Ohio State University","94,125,61","ch,ch,usa","Hydrology,Human Geography, Regional Geography, Regional Planning,Human Geography, Regional Geography, Regional Planning","4,2,2",1,Universidad de Concepción,127,Profesor Titular,"Facultad de Arquitectura, Urbanismo y Geografía",Departamento de Geografía,Concepción,7,8,3,2,2,1.1,4
7801397942,Evelyn Habit,"Biólogo,Doctor en Ciencias Ambientales","1,4","Universidad de Concepción,Universidad de Concepción","127,127","ch,ch","Biology,Environmental Engineering","4,3",1,Universidad de Concepción,127,Investigadora,Centro de Ciencias Ambientales EULA-Chile,Unidad de Sistemas Acuáticos,Concepción,7,8,8,8,110,18.41,4
8323912200,Alejandra Zúñiga Feest,"Licenciado en Biología ,Doctor en Ciencias Biológicas","1,4","Universidad de Concepción,Universidad de Concepción","127,127","ch,ch","Biology,Biology","4,4",1,Universidad Austral de Chile,94,"Profesor, Investigador",Facultad de Ciencias,Instituto de Ciencias Ambientales & Evolutivas,Valdivia,17,10,1,1,0,0.19,1
8571960500,Marcelo Miranda Salas,"Máster en Ciencias Forestales,Ingeniero Forestal,Doctor en Ciencias Forestales","3,1,4","Université Laval,Universidad de Chile,Université Laval","243,125,243","ca,ch,ca","Forestry and Wood Industry,Forestry and Wood Industry,Forestry and Wood Industry","1,1,1",1,Pontificia Universidad Católica de Chile,67,Profesor Asistente,Facultad de Agronomía e Ingeniería Forestal,Departamento de Ecosistemas y Medio Ambiente,Santiago,1,14,2,2,4,2.05,3
8656341200,María Mardones Flores,"Licenciado en Geografía,Doctor en Geografía","1,4","Universidad de Concepción,Universidad de Toulouse II-Le Mirail","127,176","ch,fr","Human Geography, Regional Geography, Regional Planning,Human Geography, Regional Geography, Regional Planning","2,2",1,Universidad de Concepción,127,Profesor Titular,Facultad de Ciencias Químicas,Departamento de Ciencias de la Tierra,Concepción,7,8,3,3,10,5.61,4
8691556200,Gabriel Mancilla,"Máster en Ingeniería,Ingeniero Forestal,Doctor en Ingeniería, mención Conservación de Suelos y Agua","3,1,4","Washington State University,Universidad de Chile,Washington State University","300,125,300","usa,ch,usa","--,Forestry and Wood Industry,Forestry and Wood Industry","3,1,1",1,Centro del Agua para Zonas Áridas de América Latina y el Caribe,823730,Director Ejecutivo,#s.i.,#s.i.,La Serena,4,4,2,1,14,3.87,4
8694415200,Sergio Sepúlveda Valenzuela,"Diplomado en Gestión Ambiental,Máster en Ingeniería,Geólogo,Doctor en Geología","4,3,1,4","University of California,Universidad de Chile,University of Leeds",#N/A,"usa, ch, in","Environmental Engineering,--,Geology, Mineralogy,Geology, Mineralogy","3,3,4,4",1,Universidad de Chile,125,Profesor Asociado,Facultad de Ciencias Físicas y Matemáticas,Departamento de Geología,Santiago,1,14,1,1,2,2.66,3
8700108300,Alejandro Rojas,"Doctor en Ingeniería Electrónica,Ingeniero Civil Eléctrónico,Doctor en Ingeniería Eléctrica","4,1,4","University of Newcastle,Universidad Técnica Federico Santa María,University of Newcastle","278,240,278","aus,ch,aus","Electrical Engineering, Electronics, Information Engineering,Electrical Engineering, Electronics, Information Engineering,Electrical Engineering, Electronics, Information Engineering","3,3,3",1,Universidad de Concepción,127,Profesor Asociado,Facultad de Ingeniería,Departamento de Ingeniería Eléctrica,Concepción,7,8,1,0,1,0,
8865507700,Jorge Nimptsch Maas,"Licenciado en Biología Marina,Doctor en Ciencias Naturales","1,4","Universidad de Valparaíso,Universidad Humboldt de Berlín","179,201","ch,al","Biology,--","4,4",1,Universidad Austral de Chile,94,Profesor Auxiliar ,Facultad de Ciencias,Instituto de Ciencias Marinas y Limnológicas,Valdivia,17,10,1,1,8,1.56,4
8937986100,Pedro Tume Zapata,"Máster en Hidrología Subterránea,Ingeniero Industrial, mención en Hidrología subterránea,Doctor en Ciencias Químicas","3,1,4","Universidad Politécnica de Cataluña,Universidad de Piura,Universidad de Barcelona","226,164,119","es,pe,es","Hydrology,Hydrology,Chemistry","4,4,4",1,Universidad Católica de la Santísima Concepción,103,Profesor Titular,Facultad de Ingeniería,Departamento de Ingeniería Civil,Concepción,7,8,2,0,0,0,
8953667800,Enrique Muñoz Ortiz,"Máster en Gestión Ambiental de Sistemas Hídricos,Ingeniero Civil, mención hidráulica,Doctor en Ingeniería Agrícola, mención Recursos Hídricos","3,1,4","Universidad de Cantabria,Universidad de Concepción,Universidad de Concepción","124,127,127","es,ch,ch","Hydrology,Civil Engineering,Cultivation of Land, Horticulture","4,3,1",1,Universidad Católica de la Santísima Concepción,103,"Profesor, Investigador",Facultad de Ingeniería,#s.i.,Concepción,7,8,13,7,20,4.64,4
9234303900,Cristian Youlton,"Máster en Producción Agroambiental,Ingeniero Agrónomo,Licenciado en Biología ,Doctor en Ciencias de la Ingeniería Hidráulica y Saneamiento","3,1,1,4","Pontificia Universidad Católica de Valparaíso,Pontificia Universidad Católica de Valparaíso,Pontificia Universidad Católica de Valparaíso,Universidad de Sao Paulo","69,69,69,171","ch,ch,ch,bra","Cultivation of Land, Horticulture,Cultivation of Land, Horticulture,Biology,Civil Engineering","1,1,4,3",1,Pontificia Universidad Católica de Valparaíso,69,Docente,Escuela de Agronomía,#s.i.,Valparaíso,6,5,2,1,3,0.52,1
9533354900,Andrea Andreoli,"Bachiller en Ciencias Ambientales y Forestales,Doctor en Gestión Ambiental de Cuencas Hidrográficas y Técnicas de Representación de Territorio","1,4","Universidad de Padua,Universidad de Padua","161,161","ita,ita","Forestry and Wood Industry,Hydrology","1,4",1,Universidad de Concepción,127,Profesor Asistente ,Centro de Ciencias Ambientales EULA-Chile,#s.i.,Concepción,7,8,7,6,16,6.06,4
9743996500,Francisca Bown,Máster en Geografía,3,Universidad de Chile,125,ch,"Human Geography, Regional Geography, Regional Planning",2,1,Centro de Estudios Científicos,823729,Asistente de investigación,Laboratorio de Glaciología,#s.i.,Valdivia,17,10,4,4,32,12.98,
11440458900,Elizabeth González,"Licenciado en Química,Máster en Ciencias, mención en Química","1,3","Universidad de Concepción,Universidad de Concepción","127,127","ch,ch","Chemistry,Chemistry","4,4",1,Universidad Católica de la Santísima Concepción,103,"Profesor, Investigador",Facultad de Ciencias,#s.i.,Concepción,7,8,1,1,0,0.63,4
12242564800,Óscar Link Lazo,"Ingeniero Civil,Doctor en Ingeniería Hidráulica","1,4","Universidad de Concepción,Universidad Técnica de Darmstadt","127,235","ch, al","Civil Engineering,Civil Engineering","3,3",1,Universidad de Concepción,127,Profesor Titular,Facultad de Ingeniería,Departamento de Ingeniería Civil,Concepción,7,8,10,9,37,6.89,3
12763990000,Leandro Paulino,"Máster en Ciencias, mención Productos Forestales,Ingeniero Forestal,Doctor en Ciencias, mención Sistemática y Ecología","3,1,4","Universidad de Guadalajara,Universidad Federal de Paraná,Universidad Austral de Chile","140,196,94","me,bra,ch","Forestry and Wood Industry,Forestry and Wood Industry,Biology","1,1,4",1,Universidad de Concepción,127,Profesor Asistente,Facultad de Agronomía,Departamento de Suelos y Recursos Naturales,Chillán,3,8,1,1,2,1.93,1
14035616100,Enrique Hauenstein,"Máster en Ciencias, mención Botánica",3,Universidad Austral de Chile,94,ch,Biology,4,1,Universidad Católica de Temuco,104,"Profesor, Investigador",Facultad de Recursos Naturales, Escuela de Ciencias Ambientales,Temuco,13,9,11,11,31,6.87,4
14036327900,Fernando Peña,"Profesor en Historia y Geografía,Doctor en Ciencias Ambientales","1,4","Universidad de Concepción,Universidad de Concepción","127,127","ch,ch","History, Archaeology,Environmental Engineering","6,3",1,Universidad Católica de Temuco,104,"Profesor, Investigador",Facultad de Recursos Naturales, Escuela de Ciencias Ambientales,Temuco,13,9,6,5,11,4.22,3
14047837000,Rodrigo Cienfuegos Carrasco,"Ingeniero Civil Hidráulico,Doctor en Ciencias de la Tierra","1,4","Pontificia Universidad Católica de Chile,Instituto de Estudios Políticos de Grenoble","67,39","ch,fr","Civil Engineering,Soil science","3,1",1,Centro Nacional de Investigación para la Gestión Integrada de Desastres Naturales,823731,Director,#s.i.,#s.i.,Santiago,1,14,3,3,12,7.24,
14065009600,Edmundo Muñoz Alvear,"Máster en Ciencias de Recursos Renovables,Ingeniero Ambiental,Doctor en Ingeniería Ambiental","3,1,4",Universidad de la Frontera,#N/A,ch,"Agriculture and Forestry, Fishery not elsewhere classified,Environmental Engineering,Environmental Engineering","1,3,3",1,Universidad Andrés Bello,542,Director ,Facultad de Ecología y Recursos Naturales,Escuela de Ingeniería Ambiental,Santiago,1,14,1,1,0,1.53,4
14523781400,Héctor Valdés Morales,"Ingeniero Químico,Doctor en Ciencias de la Ingenieria, mención Química","1,4","Universidad Central Marta Abreus de Las Villas,Universidad de Concepción","110,127","cu,ch","Chemical Process Engineering,Chemical Process Engineering","3,3",1,Universidad Católica de la Santísima Concepción,103,"Profesor, Investigador",Facultad de Ingeniería,Departamento de Ingenieria Industrial,Concepción,7,8,4,2,42,3.17,
15021495900,Sofía Rebolledo Lemus,"Geólogo,Máster en Ciencias en Ingeniería Geológica","1,3","Universidad de Chile,University of Leeds","125,263","ch,uk","Geology, Mineralogy,Geology, Mineralogy","4,4",1,Universidad de Chile,125,Profesor Adjunto,Facultad de Ciencias Físicas y Matemáticas,Departamento de Geología,Santiago,1,14,1,1,2,2.66,
15047931600,Paulo Herrera Ricci,"Máster en Ingeniería Ambiental e Ingeniería Hidráulica,Ingeniero Civil, mención Ingeniería Hidráulica, Sanitaria y Ambiental,Doctor en Ingeniería Geológica","3,1,4","University of Illinois at Urbana-Champaign,Universidad de Chile,University of British Columbia","261,125,250","usa,ch,ca","Civil Engineering,Civil Engineering,Geology, Mineralogy","3,3,4",1,Universidad de Chile,125,Profesor Asistente,Facultad de Ciencias Físicas y Matemáticas, Departamento de Ingeniería Civil,Santiago,1,14,3,2,25,9.03,4
15521140600,Roberto Pizarro Tapia,"Diplomado en Economía e Integración Europea,Ingeniero Forestal,Doctor en Ingeniería","2,1,4","Universidad de Talca,Universidad Politécnica de Madrid",#N/A,"ch, es","Economics,Forestry and Wood Industry,--","2,1,3",1,Universidad de Talca,174,Director,Centro Tecnológico de Hidrología Ambiental,#s.i.,Talca,5,7,14,14,40,18.92,3
15729555500,Jonathan Barichivich,Doctor en Ciencias Ambientales,4,,#N/A,#N/A,Environmental Engineering,3,1,Universidad de Chile,125,Investigador Postdoctoral,Centro de Ciencia del Clima y la Resiliencia,#s.i.,Santiago,1,14,3,3,223,14.23,4
15755545800,Horacio Gilabert Peralta,"Máster en Ciencias de la Administración de Recursos Naturales,Ingeniero Forestal,Doctor en Recursos Forestales","3,1,4","The University of Edinburgh,Universidad de Chile,Pennsylvania State University","86,125,64","esc,ch,usa","Economics,Forestry and Wood Industry,Forestry and Wood Industry","2,1,1",1,Pontificia Universidad Católica de Chile,67,Profesor Asistente,Facultad de Agronomía e Ingeniería Forestal,#s.i.,Santiago,1,14,1,1,0,2.05,
15760822400,Ricardo Oyarzún Lucero,"Ingeniero Agrónomo,Doctor en Ciencias de la Ingeniería","1,4","Universidad de La Serena,Washington State University","148,300","ch,usa","Cultivation of Land, Horticulture,--","1,3",1,Universidad de La Serena,148,Profesor Asistente ,Facultad de Ingeniería,Departamento de Ingeniería de Minas ,La Serena,4,4,23,18,138,36.87,4
15761135800,José Antonio Yuri Salomón,"Ingeniero Agrónomo,Doctor en Ciencias Agrarias","1,4","Universidad de Chile,Universidad Técnica de München","125,238","ch,al","Cultivation of Land, Horticulture,Cultivation of Land, Horticulture","1,1",1,Universidad de Talca,174,Profesor Titular,Facultad de Ciencias Agrarias,#s.i.,Talca,5,7,1,0,2,1.74,
15761942100,César Acevedo Opazo,"Máster en Horticultura,Máster en Agro TIC,Ingeniero Agrónomo,Doctor en Ciencias Agronómicas","3,3,1,4","Universidad de Talca,Universidad de Talca,Universidad de Talca,Centro Internacional de Estudios Superiores en Ciencias Agronómicas, Montpellier","174,174,174,10","ch,ch,ch,fr","Cultivation of Land, Horticulture,Cultivation of Land, Horticulture,Cultivation of Land, Horticulture,Cultivation of Land, Horticulture","1,1,1,1",1,Universidad de Talca,174,Profesor asociado,Facultad de Ciencias Agrarias,Departamento de Producción agrícola,Talca,5,7,4,1,124,8.6,4
16069813400,Rafael Rubilar,"Ingeniero Forestal,Doctor en Productividad Forestal","1,4","Universidad de Chile,North Carolina State University","125,59","ch,usa","Forestry and Wood Industry,Forestry and Wood Industry","1,1",1,Universidad de Concepción,127,Profesor Adjunto,Facultad de Ciencias Forestales,Departamento de Silvicultura,Concepción,7,8,2,0,8,1.68,
16219919500,Ariel  Muñoz Navarro,"Máster en Ciencias, mención Recursos Naturales,Ingeniero Forestal,Doctor en Ciencias Forestales","3,1,4","Universidad Austral de Chile,Universidad Austral de Chile,Universidad Austral de Chile","94,94,94","ch,ch,ch","Agriculture and Forestry, Fishery not elsewhere classified,Forestry and Wood Industry,Forestry and Wood Industry","1,1,1",1,Pontificia Universidad Católica de Valparaíso,69,Profesor Titular,Facultad de Ciencias del Mar y Geografía,Instituto de Geografía,Valparaíso,6,5,2,1,1,3.88,4
16303502900,Cristian Escauriaza Mesa,"Máster en Ciencias, mención Ingeniería Civil,Ingeniero Civil,Doctor","3,1,4","Georgia Institute of Technology,Pontificia Universidad Católica de Chile,University of Minnesota","35,67,273","usa,ch,usa","Civil Engineering,Civil Engineering,--",#N/A,1,Pontificia Universidad Católica de Chile,67,Profesor Asistente,Escuela de Ingeniería,Departamento de Ingeniería Hidráulica y Ambiental,Santiago,1,14,5,5,33,13.14,3
16310638100,Gonzalo Rebolledo,"Licenciado en Recursos Naturales,Máster en Ciencias, mención Producción, Manejo y Conservación de Recursos Naturales","1,3","Universidad Católica de Temuco,Universidad de Los Lagos","104,152","ch,ch","Agriculture and Forestry, Fishery not elsewhere classified,Environmental Engineering","1,3",1,Universidad Católica de Temuco,104,Profesor Asistente,Facultad de Recursos Naturales, Escuela de Ciencias Ambientales,Temuco,13,9,1,0,0,0.85,
18134601100,Arturo Reyes,"Químico,Doctor en Ciencias de la Ingeniería","1,4","Universidad Católica de Valparaíso,Pontificia Universidad Católica de Chile","105,67","ch,ch","Chemistry,--","4,3",1,Centro de Investigación Científico Tecnológico para la Minería ,823732,Investigador,Área de Bioenergía y Sustentabilidad,#s.i.,Antofagasta,10,2,1,1,1,0.61,1
18633455900,José Dörner,"Ingeniero Agrónomo,Doctor en Ciencias Agrícolas ","1,4","Universidad Austral de Chile,Universidad de Cristian Albrechts de Kiel","94,129","ch,al","Cultivation of Land, Horticulture,Cultivation of Land, Horticulture","1,1",1,Universidad Austral de Chile,94,Profesor Asociado ,Facultad de Ciencias Agrarias,Instituto de Ingeniería Agraria y Suelos,Valdivia,17,10,5,5,18,10.34,1
18635140500,Pablo Pastén González,"Máster en Ciencias de la Ingeniería,Ingeniero Civil,Doctor en Ingeniería Ambiental","3,1,4","Pontificia Universidad Católica de Chile,Pontificia Universidad Católica de Chile,Northwestern University","67,67,60","ch,ch,usa","--,Civil Engineering,Environmental Engineering","3,3,3",1,Pontificia Universidad Católica de Chile,67,Profesor Asociado,Escuela de Ingeniería,Departamento de Ingeniería Hidráulica y Ambiental,Santiago,1,14,10,8,34,30.62,3
22136384100,Diana Quevedo Tejada,"Máster en Hidrología General y Aplicada,Diploma de Suficiencia Investigadora en Ingeniería Hidráulica y Medio Ambiente,Ingeniero Civil,Doctor en Ingeniería Hidráulica y Medio Ambiente","3,2,1,4","Centro de Estudios y Experimentación de Obras Públicas (CEDEX),Universidad Politécnica de Valencia,Universidad Nacional de Colombia,Universidad Politécnica de Valencia","7,228,215,228","es,es,col,es","Hydrology,Civil Engineering,Civil Engineering,Civil Engineering","4,3,3,3",1,Universidad de Santiago de Chile,170,"Profesor, Investigador",Facultad de Ingeniería, Departamento de Ingeniería en Obras Civiles ,Santiago,1,14,1,1,3,0.42,4
22934582700,Sébastien Monnier,"Máster en Geomorfología,Licenciado en Geografía,Doctor en Ciencias del Medio Ambiente","3,1,4","Universidad París I,Universidad París I,Universidad París XII Val de Marne","221,221,223","fr,fr,fr","Physical Geography,Human Geography, Regional Geography, Regional Planning,Environmental Engineering","4,2,3",1,Pontificia Universidad Católica de Valparaíso,69,Profesor,Facultad de Ciencias del Mar y Geografía,Instituto de Geografía,Valparaíso,6,5,8,8,41,20.41,4
22938373600,Alejandro León Stewart,"Máster en Administración de Empresas,Ingeniero Agrónomo,Doctor en Ciencia de los Recursos en Tierras Áridas","3,1,4","Pontificia Universidad Católica de Chile,Universidad de Chile,University of Arizona","67,125,247","ch,ch,usa","Economics,Cultivation of Land, Horticulture,Soil science","2,1,1",1,Universidad de Chile,125,Profesor Titular,Facultad de Ciencias Agronómicas, Departamento de Ciencias Ambientales y Recursos Naturales Renovables,Santiago,1,14,1,0,3,0.12,
22984685600,Carlos Esse Herrera,"Máster en Sistemas de Información Geográfica y Percepción Remota,Ingeniero Forestal,Doctor en Ciencias Forestales","3,1,4",Universidad Austral de Chile,#N/A,ch,"Human Geography, Regional Geography, Regional Planning,Forestry and Wood Industry,Forestry and Wood Industry","2,1,1",1,Universidad Católica de Temuco,104,Director ,Facultad de Recursos Naturales, Escuela de Ciencias Ambientales,Temuco,13,9,1,1,0,0.55,4
22985490100,Mirtha Latsague,"Profesor en Ciencias Naturales y Biología,Máster en Ciencias, mención Botánica","1,3",Universidad Austral de Chile,#N/A,ch,"Biology,Biology","4,4",1,Universidad Católica de Temuco,104,Profesor ,Facultad de Recursos Naturales,Escuela de Ciencias Ambientales,Temuco,13,9,1,1,13,1.74,1
23006671300,Sebastián Vicuña Díaz,"Máster en Ingeniería Civil y Ambiental,Ingeniero Civil,Doctor en Ingeniería Civil y Ambiental","3,1,4","University of California,Pontificia Universidad Católica de Chile,University of California","251,67,251","usa,ch,usa","Environmental Engineering,Civil Engineering,Environmental Engineering","3,3,3",1,Pontificia Universidad Católica de Chile,67,Director Ejecutivo,Centro de Cambio Global UC,#s.i.,Santiago,1,14,20,15,205,37.45,4
23007915900,Mauricio Aguayo Arias,"Ingeniero Forestal,Doctor en Ciencias Ambientales","1,4","Universidad de Concepción,Universidad de Concepción","127,127","ch,ch","Forestry and Wood Industry,Environmental Engineering","1,3",1,Universidad de Concepción,127,Coordinador de Proyectos,Centro de Ciencias Ambientales EULA-Chile,Unidad de Planificación Territorial y Sistemas Urbanos,Concepción,7,8,3,3,40,5.45,4
23020245400,Rodrigo Zamora,Ingeniero Civil Electrónico,1,Universidad Técnica Federico Santa María,240,ch,"Electrical Engineering, Electronics, Information Engineering",3,1,Centro de Estudios Científicos,823729,Asistente de investigación,Laboratorio de Glaciología,#s.i.,Valdivia,17,10,6,6,15,16.51,
23027025700,Linda Daniele,"Máster en Aguas Subterráneas y Medio Ambiente,Geólogo,Doctor en Hidrogeología","3,1,4","Universidad de Almería,Universidad de Nápoles Federico II,Universidad de Almería","114,158,114","es,ita,es","Environmental Engineering,Geology, Mineralogy,Hydrology","3,4,4",1,Universidad de Chile,125,Profesor Asistente ,Facultad de Ciencias Físicas y Matemáticas,Departamento de Geología,Santiago,1,14,5,5,23,12.83,3
23108528000,Manuel Casanova Pinto,"Ingeniero Agrónomo,Máster en Ciencias","1,3","Universidad de Chile,Swedish University of Agricultural Sciences","125,81","ch,sue","Cultivation of Land, Horticulture,--","1,4",1,Universidad de Chile,125,Profesor Asociado,Facultad de Ciencias Agronómicas,Departamento Ingeniería y Suelos,Santiago,1,14,6,4,18,10.23,1
23477798300,Gustavo Lobos Prats,"Ingeniero Agrónomo,Doctor en Ciencias Agrarias","1,4","Universidad de Talca,Universidad de Talca","174,174","ch,ch","Cultivation of Land, Horticulture,Cultivation of Land, Horticulture","1,1",1,Universidad de Talca,174,Docente,Facultad de Ciencias Agrarias,Escuela de Agronomía,Talca,5,7,2,0,1,0.3,
23481970600,Alex Godoy Faúndez,"Máster en Ciencias de la Ingeniería, mención Ingeniería Química y Bioprocesos,Biólogo en Bioprocesos,Doctor en Ciencias de la Ingeniería, mención Ingeniería Química y Bioprocesos","3,1,4","Pontificia Universidad Católica de Chile,Pontificia Universidad Católica de Chile,Pontificia Universidad Católica de Chile","67,67,67","ch,ch,ch","Chemical Process Engineering,Biology,Chemical Process Engineering","3,4,3",1,Universidad del Desarrollo,186,Director,Centro de investigación en Sustentabilidad y Gestión Estratégica de Recursos,#s.i.,Santiago,1,14,2,1,0,1.01,3
23486588100,Marcelo Olivares Alveal,"Máster en Ingeniería Ambiental,Ingeniero Civil,Doctor en Ingeniería Civil Ambiental ","3,1,4","The Johns Hopkins University,Universidad de Chile,University of California","85,125,251","usa,ch,usa","Environmental Engineering,Civil Engineering,Environmental Engineering","3,3,3",1,Universidad de Chile,125,Profesor,Facultad de Ciencias Físicas y Matemáticas,Departamento de Ingeniería Civil,Santiago,1,14,4,4,49,11.25,3
23493009900,Christian Little,"Máster en Ciencias Forestales,Ingeniero Forestal,Doctor en Ciencias Forestales","3,1,4","Universidad Austral de Chile,Universidad Austral de Chile,Universidad Austral de Chile","94,94,94","ch,ch,ch","Forestry and Wood Industry,Forestry and Wood Industry,Forestry and Wood Industry","1,1,1",3,Ministerio de Agricultura,483,Investigador encargado,Instituto Forestal,Línea de Investigación Bosque y Agua,Valdivia,17,14,2,2,6,2.71,4
23568919100,Ignacio Vargas,"Ingeniero Civil,Doctor en Ciencias de la Ingeniería","1,4","Pontificia Universidad Católica de Chile,Pontificia Universidad Católica de Chile","67,67","ch,ch","Civil Engineering,--","3,3",1,Pontificia Universidad Católica de Chile,67,Profesor Titular,Escuela de Ingeniería,Departamento de Ingeniería Hidráulica y Ambiental ,Santiago,1,14,3,3,27,14.63,4
23968182900,Carlos Moffat,Doctor en Oceonografía Física,4,Massachusetts Institute of Technology,52,usa,"Physics, Astronomy",4,1,Universidad de Concepción,127,Profesor Asistente ,Facultad de Ciencias Ambientales y Oceanográficas,Departamento de Oceanografía,Concepción,7,8,3,3,27,16.01,4
23989626900,Héctor  Valdés Gómez,"Máster en Horticultura,Ingeniero Agrónomo,Doctor en Agronomía","3,1,4","Universidad de Talca,Universidad de Talca,Montpellier SupAgro","174,174,57","ch,ch,fr","Cultivation of Land, Horticulture,Cultivation of Land, Horticulture,Cultivation of Land, Horticulture","1,1,1",1,Pontificia Universidad Católica de Chile,67,Profesor Titular,Facultad de Agronomía e Ingeniería Forestal,Departamento de Fruticultura y Enología,Santiago,1,14,3,1,6,4.12,
24178530600,Tatiana Izquierdo,"Máster en Ciencia y Tecnología Ambiental,Licenciada en Ciencias Ambientales,Doctor en Hidrología y Gestión de Recursos Hídricos","3,1,4","Universidad Rey Juan Carlos,Universidad Rey Juan Carlos,Universidad Rey Juan Carlos","229,229,229","es,es,es","Environmental Engineering,Environmental Engineering,Hydrology","3,3,4",1,Universidad de Atacama,118,Investigador,Facultad de Ingeniería,Departamento de Geología,Copiapó,18,3,3,3,12,8.73,4
24333032400,Osvaldo Salazar,"Máster en Ciencias del Suelo,Ingeniero Agrónomo,Doctor en Ciencias del Suelo","3,1,4","Swedish University of Agricultural Sciences,Universidad de Chile,Swedish University of Agricultural Sciences","81,125,81","sue,ch,sue","Forestry and Wood Industry,Cultivation of Land, Horticulture,Forestry and Wood Industry","1,1,1",1,Universidad de Chile,125,Profesor Titular,Facultad de Ciencias Agronómicas,Departamento de Ingeniería y Suelos,Santiago,1,14,10,7,33,18.13,4
24351562900,Víctor García de Cortázar,"Ingeniero Agrónomo,Doctor en Ingeniería","1,4","Universidad de Chile,Universidad de París XI","125,162","ch,fr","Cultivation of Land, Horticulture,--","1,3",1,Universidad de Chile,125,Profesor Asociado,Facultad de Ciencias Agronómicas,Departamento de Ingeniería y Suelos,Santiago,1,14,1,0,1,0.15,1
24385545900,Hernán Alcayaga Saldías,"Licenciado en Ciencias de la Tierra,Ingeniero Civil,Doctor en Ciencias de la Tierra, del Universo y del Medio Ambiente, mención Hidrología","1,1,4","Universidad de Concepción,Universidad de Concepción,",#N/A,"ch, ch","Soil science,Civil Engineering,Hydrology","1,3,4",1,Universidad Diego Portales,190,"Profesor, Investigador",Facultad de Ingeniería,Escuela de Ingeniería en Obras Civiles,Santiago,1,14,4,2,21,3.83,4
24449917300,Jorge Gironás León,"Máster en Ciencias,Ingeniero Civil,Doctor en Ciencias hidrológicas y recursos hídricos","3,1,4","Pontificia Universidad Católica de Chile,Pontificia Universidad Católica de Chile,Colorado State University","67,67,15","ch,ch,usa","--,Civil Engineering,Hydrology","4,3,4",1,Pontificia Universidad Católica de Chile,67,Profesor Asociado,Facultad de Ingeniería,Escuela de Ingeniería,Santiago,1,14,13,11,27,22.24,
24537307800,Alexandra Jacquin,"Ingeniero Civil,Doctor en Ingeniería Civil","1,4","Universidad Técnica Federico Santa María,University of Birmingham","240,248","ch,uk","Civil Engineering,Civil Engineering","3,3",1,Pontificia Universidad Católica de Valparaíso,69,"Profesor, Investigador",Facultad de Ingeniería,Escuela de Ingenieria Civil,Valparaíso,6,5,1,1,6,3.48,4
24568403500,Guillermo Donoso Harris,"Ingeniero Agrónomo,Doctor en Agricultura y Recursos Económicos","1,4","Pontificia Universidad Católica de Chile,University of Maryland","67,269","ch,usa","Cultivation of Land, Horticulture,Economics","1,2",1,Pontificia Universidad Católica de Chile,67,Profesor Titular,Facultad de Agronomía e Ingeniería Forestal,Departamento de Economía Agraria,Santiago,1,14,6,3,4,4.06,4
24759068600,Shelley MacDonell,"Licenciado en Geografía,Doctor en Geografía","1,4",University of Otago,#N/A,nz,"Human Geography, Regional Geography, Regional Planning,Human Geography, Regional Geography, Regional Planning","2,2",1,Centro de Estudios Avanzados en Zonas Áridas,823728,Investigador,#s.i.,#s.i.,La Serena,4,4,6,6,49,18.38,4
24765049600,Eduardo Leiva,"Máster en Ciencias de la Ingeniería,Bioquímico,Doctor en Ciencias de la Ingeniería","3,1,4","Pontificia Universidad Católica de Chile,Pontificia Universidad Católica de Chile,Pontificia Universidad Católica de Chile","67,67,67","ch,ch,ch","--,Chemistry,--","3,4,3",1,Pontificia Universidad Católica de Chile,67,Profesor Asistente ,Escuela de Ingeniería,Departamento de Ingeniería Hidráulica y Ambiental ,Santiago,1,14,1,1,10,4.01,4
25222233500,María Yeber,"Doctor en Ciencias Ambientales, mención Tratamiento de Aguas Residuales",4,Universidad de Concepción,127,ch,Environmental Engineering,3,1,Universidad Católica de la Santísima Concepción,103,Profesora,Facultad de Ciencias,Departamento de Química Ambiental,Concepción,7,8,3,3,9,3.36,3
25223032200,César Huiliñir Curio,"Doctor en Ciencias de la Ingeniería, mención Ingeniería Química",4,Universidad de Concepción,127,ch,Chemical Process Engineering,3,1,Universidad de Santiago de Chile,170,Profesor Asociado,Facultad de Ingeniería,Departamento de Ingeniería Química,Santiago,1,14,4,0,4,11.73,
25633679100,Andrew  Harris,"Arquitecto,Máster Arquitectura del Paisaje","1,3","Pontificia Universidad Católica de Chile,Universidad Politécnica de Cataluña","67,226","ch,es","Architecture,Architecture","3,3",1,Universidad Diego Portales,190,Académico ,"Facultad de Arquitectura, Arte y Diseño",Escuela de Arquitectura,Santiago,1,14,2,0,7,0,
25822747600,Diego Rivera Salazar,"Ingeniero Civil,Doctor en Ingeniería Agrícola","1,4","Universidad de Concepción,Universidad de Concepción","127,127","ch,ch","Civil Engineering,Cultivation of Land, Horticulture","3,1",1,Universidad de Concepción,127,Profesor asistente,Facultad de Ingeniería Agrícola,Departamento de Recursos Hídricos,Chillán,3,8,24,16,48,14.99,1
25927809900,Diego Caamaño Avendaño,"Ingeniero Civil,Doctor en Ingeniería Civil","1,4","Universidad de Concepción,University of Idaho","127,260","ch,usa","Civil Engineering,Civil Engineering","3,3",1,Universidad Católica de la Santísima Concepción,103,Académico ,Facultad de Ingeniería,Departamento de Ingeniería Civil,Concepción,7,8,3,3,41,0.61,4
26024618900,Camila Álvarez Garretón,"Máster en Ingeniería, Hidrología y Recursos Hídricos,Ingeniero Civil,Doctor en Ingeniería, Hidrología y Recursos Hídricos","3,1,4","Universidad de Chile,Universidad de Chile,University of Melbourne","125,125,271","ch,ch,aus","Hydrology,Civil Engineering,Hydrology","4,3,4",1,Universidad de Chile,125,Investigador Postdoctoral,Centro de Ciencia del Clima y la Resiliencia,#s.i.,Santiago,1,14,1,1,11,3.48,4
26025227500,Mario Lillo Saavedra,"Máster en Ingeniería Eléctrica,Ingeniero Civil Eléctrico,Doctor en Ingeniería Informática","3,1,4","Universidad de Concepción,Universidad de Concepción,Universidad Politécnica de Madrid","127,127,227","ch,ch,es","Electrical Engineering, Electronics, Information Engineering,Electrical Engineering, Electronics, Information Engineering,Computer Sciences","3,3,4",1,Universidad de Concepción,127,Profesor titular,Facultad de Ingeniería Agrícola,Departamento de Mecanización y Energía,Chillán,3,8,3,2,4,1.77,3
26040903300,Santiago Montserrat Michelini,"Ingeniero en Hidráulica Sanitaria y Ambiental,Doctorado en Fluidodinámica","1,4","Universidad de Chile,Universidad de Chile","125,125","ch,ch","Civil Engineering,Physics, Astronomy","3,4",1,Universidad de Chile,125,#s.i.,Facultad de Ciencias Físicas y Matemáticas,Departamento de Ingeniería Civil,Santiago,1,14,2,2,8,6.84,3
26326508000,Guido Soto,Ingeniero Forestal,1,Universidad de Chile,125,ch,Forestry and Wood Industry,1,1,Centro del Agua para Zonas Áridas de América Latina y el Caribe,823730,Asesor científico,#s.i.,#s.i.,La Serena,4,4,5,5,29,10.31,4
26431392800,Jorge León Muñoz,"Ingeniero Acuícola,Doctor en Ciencias Forestales","1,4","Universidad Austral de Chile,Universidad Austral de Chile","94,94","ch,ch","Agriculture and Forestry, Fishery not elsewhere classified,Forestry and Wood Industry","1,1",1,Universidad de Concepción,127,Académico,Facultad de Ciencias Forestales,Departamento de Manejo de Bosques y Medio Ambiente,Concepción,7,8,1,0,5,3.51,
26432310200,Carolina Soto,"Máster en Ciencias Biomédicas, mención en microbiología,Biólogo Marino","3,1","Universidad de Talca,Universidad Católica de la Santísima Concepción","174,103","ch,ch","Biology,Biology","4,4",1,Universidad Católica de la Santísima Concepción,103,Docente Asociado,Facultad de Ciencias,#s.i.,Concepción,7,8,1,1,6,1.12,4
33568256900,Carlos Poblete Echeverría,"Ingeniero Agrónomo,Doctor en Ciencias Agrarias","1,4","Universidad de Talca,Universidad de Talca","174,174","ch,ch","Cultivation of Land, Horticulture,Cultivation of Land, Horticulture","1,1",1,Pontificia Universidad Católica de Valparaíso,69,Profesor,Facultad de Ciencias Agronómicas y de los Suelos,Escuela de Agronomía,Valparaíso,6,5,3,1,42,4.78,4
34768062200,Dorota Dec,"Máster en Protección Ambiental,Doctor en Ciencias Agrícolas","3,4","Universidad Técnica de Lublin,Universidad de Cristian Albrechts de Kiel","237,129","po,al","Interdisciplinary Geosciences,Cultivation of Land, Horticulture","4,1",1,Universidad Austral de Chile,94,Profesor Adjunto ,Facultad de Ciencias Agrarias,Instituto de Ingeniería Agraria y Suelos ,Valdivia,17,10,1,1,10,2.9,1
35097125400,María Fragkou,"Máster en Tecnología Ambiental,Licenciado en Química,Doctor en Ciencias Ambientales","3,1,4","Imperial College London,Universidad Aristotélica de Tesalónica,Universidad Autónoma de Barcelona","38,92,96","uk,gre,es","Environmental Engineering,Chemistry,Environmental Engineering","3,4,3",1,Universidad de Chile,125,Profesor Titular,Facultad de Arquitectura y Urbanismo,Departamento de Geografía,Santiago,1,14,1,1,11,3.63,2
35108881700,Felipe De la Hoz Mardones,"Ingeniero Civil Agrícola ,Doctor en Ciencias Agrícolas ","1,4","Universidad de Concepción,Universidad de Concepción","127,127","ch,ch","Cultivation of Land, Horticulture,Cultivation of Land, Horticulture","1,1",1,Universidad de Concepción,127,Director General,Centro del Agua para la Agricultura,#s.i.,San Fernando,23,8,1,0,1,0,1
35109202300,Nicole Kretschmer,"Máster en Ciencias,Ingeniero Civil, mención en Manejo de Recursos Hídricos,Doctor en Recursos Hídricos y Medioambiente","3,1,4","Universidad de Stuttgart,Universidad Aplicada de Aquisgrán,Universidad de Stuttgart","173,91,173","al,al,al","--,Hydrology,Hydrology","4,4,4",1,Centro de Estudios Avanzados en Zonas Áridas,823728,Investigador asociado,#s.i.,#s.i.,La Serena,4,4,10,9,47,16.26,4
35109557600,Ovidio Melo Jara,Ingeniero Civil Agrícola,1,Universidad de Concepción,127,ch,"Cultivation of Land, Horticulture",1,1,Universidad de Concepción,127,Jefe Unidad de Proyectos,Facultad de Ingeniería Agrícola,Departamento de Recursos Hídricos,Chillán,3,8,2,0,1,0,
35180254000,Matías Peredo Parada,"Máster en Gestión y Planificación de Recursos Hídricos,Ingeniero Civil Hidráulico,Doctor en Ingeniería Hidráulica y Medio Ambiente","3,1,4","Universidad Politécnica de Valencia,Universidad de Chile,Universidad Politécnica de Valencia","228,125,228","es,ch,es","Hydrology,Civil Engineering,Civil Engineering","4,3,3",1,Universidad de Santiago de Chile,170,Profesor Asistente ,Facultad de Ingenieria,Departamento de Ingeniería en Obras Civiles ,Santiago,1,14,5,5,25,7.58,4
35188780700,María Alejandra Engler Palma,"Ingeniero Comercial,Doctor en Economía Agraria","1,4","Universidad de Concepción,Colorado State University","127,15","ch,usa","Economics,Economics","2,2",1,Universidad de Talca,174,Profesor Asociado,Facultad de Ciencias Agrarias,#s.i.,Talca,5,7,1,0,4,3.11,
35220618300,Yasna Tapia Fernández,"Máster en Fertilizantes y Medio Ambiente,Ingeniero en Alimentos,Doctor en Química Agrícola, Alimentaria y Ambiental","3,1,4","Universidad Autónoma de Madrid,Universidad de Santiago de Chile,Universidad Autónoma de Madrid","98,170,98","es,ch,es","Cultivation of Land, Horticulture,Food Technology,Chemistry","1,3,4",1,Universidad de Chile,125,Profesor Asistente,Facultad de Ciencias Agronómicas,Departamento de Ingeniería y Suelos,Santiago,1,14,2,1,5,3.88,4
35389550600,Martín Reich Morales,Geólogo,1,Universidad de Concepción,127,ch,"Geology, Mineralogy",4,1,Universidad de Chile,125,Profesor Titular,Facultad de Ciencias Físicas y Matemáticas,Departamento de Geología,Santiago,1,14,1,0,3,2.47,
35608275900,Jorge Oyarzún Muñoz,"Doctor en Metalogénesis,Geólogo,Doctor en Ciencias Naturales y Geoquímica","4,1,4","Universidad de París XI,Universidad de Chile,Universidad de París XI","162,125,162","fr,ch,fr","Metallurgy,Geology, Mineralogy,Chemistry","3,4,4",1,Universidad de La Serena,148,Profesor Titular,Facultad de Ingeniería,Departamento de Ingeniería de Minas ,La Serena,4,4,12,12,69,20.99,4
35608752800,Liubow González,"Geólogo,Hidrogeólogo,Máster en Ingeniería","1,1,3","Universidad Estatal de Suslov,Escuela Superior de Prospección Geológica,Universidad Estatal de Suslov","193,30,193","ru,ucra,ru","Geology, Mineralogy,Hydrology,--","4,4,3",1,Universidad de Concepción,127,Profesor ,Facultad de Ciencias Químicas,Departamento de Ciencias de la Tierra,Concepción,7,8,1,1,3,1.74,4
36053387300,Carolina Meruane Naranjo,"Doctor en Ciencias de la Tierra,Ingeniero Civil, mención Hidráulica, Sanitaria y Ambiental,Doctor en Fluidodinámica","4,1,4","Universidad Blaise Pascal, Clermont-Ferrand,Universidad de Chile,Universidad de Chile","100,125,125","fr,ch,ch","Soil science,Civil Engineering,Physics, Astronomy","1,3,4",1,Universidad de Chile,125,#s.i.,Facultad de Ciencias Físicas y Matemáticas,Departamento de Ingeniería Civil,Santiago,1,14,1,1,2,4.09,
36084443400,David Figueroa,"Máster en Ciencias, mención Limnología ,Biólogo,Doctor en Ciencias Biológicas","3,1,4","Universidad Austral de Chile,,University of London",#N/A,"ch, in","Biology,Biology,Biology","4,4,4",1,Universidad Católica de Temuco,104,"Profesor, Investigador",Facultad de Recursos Naturales, Escuela de Ciencias Ambientales,Temuco,13,9,2,2,2,1.22,4
36099817900,Carlos Bonilla Meléndez,"Máster en Ingeniería Hidráulica,Ingeniero Agrónomo,Ingeniería Civil, mención Hidráulica,Doctor en Ciencias del Suelo","3,1,1,4","Pontificia Universidad Católica de Chile,Pontificia Universidad Católica de Chile,Pontificia Universidad Católica de Chile,University of Wisconsin, Madison","67,67,67,296","ch,ch,ch,usa","Civil Engineering,Cultivation of Land, Horticulture,Civil Engineering,Forestry and Wood Industry","3,1,3,1",1,Pontificia Universidad Católica de Chile,67,Profesor Titular,Escuela de Ingeniería,Departamento de Ingeniería Hidráulica y Ambiental ,Santiago,1,14,11,10,59,28.63,1
36158775600,David Watts Casimis,"Master of Arts,Máster en Ciencias de la Ingeniería,Máster en Ciencias,Ingeniero Civil Industrial,Doctor en Ingeniería Eléctrica","3,3,3,1,4","University of Wisconsin, Madison,Pontificia Universidad Católica de Chile,University of Wisconsin, Madison,Pontificia Universidad Católica de Chile,University of Wisconsin, Madison","296,67,296,67,296","usa,ch,usa,ch,usa","--,--,--,--,Electrical Engineering, Electronics, Information Engineering","6,3,4,3,3",1,Pontificia Universidad Católica de Chile,67,Profesor Asistente,Facultad de Ingeniería,Escuela de Ingeniería,Santiago,1,14,1,0,5,0,
36503916100,Angel Contreras,Profesor en Ciencias Naturales y Biología,1,Pontificia Universidad Católica de Chile,67,ch,Biology,4,1,Universidad Católica de Temuco,104,Académico,Facultad de Recursos Naturales, Escuela de Ciencias Ambientales,Temuco,13,9,3,3,5,1.54,4
36727582800,Mauricio Galleguillos Torres,"Máster en Funcionamiento de Ecosistemas,Ingeniero Agrónomo, mención Fruticultura,Doctor en Ciencias Agronómicas","3,3,1,4","Universidad de Montpellier,Universidad de Montpellier,Universidad de Chile,Montpellier SupAgro","156,156,125,57","fr,fr,ch,fr","Biology,Biology,Cultivation of Land, Horticulture,Cultivation of Land, Horticulture","4,4,1,1",1,Universidad de Chile,125,Profesor Asistente,Facultad de Ciencias Agronómicas, Departamento de Ciencias Ambientales y Recursos Naturales Renovables,Santiago,1,14,4,3,46,12.15,4
36880813200,Alberto De la Fuente Stranger,"Ingeniero Civil, mención Hidráulica, Sanitaria y Ambiental,Doctor en Ciencias de la Ingeniería, mención Fluido Dinámica","1,4","Universidad de Chile,Universidad de Chile","125,125","ch,ch","Civil Engineering,Physics, Astronomy","3,4",1,Universidad de Chile,125,Profesor Asistente,Facultad de Ciencias Físicas y Matemáticas, Departamento de Ingeniería Civil,Santiago,1,14,9,8,41,18.81,4
36897386600,James McPhee Torres,"Máster en Ciencias,Ingeniero Civil,Doctor en Ingeniería de Recursos Hídricos","3,1,4","University of California,Universidad de Chile,University of California","251,125,251","usa,ch,usa","--,Civil Engineering,Hydrology","4,3,4",1,Universidad de Chile,125,Profesor Titular,Facultad de Ciencias Físicas y Matemáticas, Departamento de Ingeniería Civil,Santiago,1,14,15,12,164,38.44,4
36967701900,Mauricio Zúñiga Sánchez,"Doctor en Ciencias Agrarias,Ingeniero Agrónomo,Licenciado en Agronomía,Máster en Horticultura","4,1,1,3","Universidad de Talca,Universidad de Talca,Universidad de Talca,Universidad de Talca","174,174,174,174","ch,ch,ch,ch","Cultivation of Land, Horticulture,Cultivation of Land, Horticulture,Cultivation of Land, Horticulture,Cultivation of Land, Horticulture","1,1,1,1",1,Universidad de Talca,174,Investigador,Centro de Investigación y Transferencia en Riego y Agroclimatología,#s.i.,Talca,5,7,1,0,0,0.15,
36987564300,Brian Reid,"Biólogo,Doctor en Ecología","1,4","Cornell University,University of Montana","17,274","usa,usa","Biology,Biology","4,4",1,Centro de Investigación en Ecosistemas de la Patagonia,357,Investigador Residente,#s.i.,#s.i.,Coyhaique,14,12,7,0,41,16.9,
36987929000,Cristian Frêne,"Doctor en Ciencias Biológicas, mención Ecología,Ingeniero Forestal,Máster en Ciencias, mención Recursos Hídricos","4,1,3","Pontificia Universidad Católica de Chile,Universidad de Chile,Universidad Austral de Chile","67,125,94","ch,ch,ch","Biology,Forestry and Wood Industry,Hydrology","4,1,4",1,Instituto de Ecología y Biodiversidad,823733,Coordinador de Investigación,Red Chilena de Investigación Socio-Ecológica a Largo Plazo (LTSER-Chile),#s.i.,Santiago,1,14,4,3,23,4.59,4
37111391600,Celerino Quezada,"Máster en Suelos,Ingeniero Agrónomo,Doctor © en Mejora de Gestión de Recursos Hídricos","3,1,4","Universidad de Concepción,Universidad de Concepción,Universidad de Córdoba","127,127,128","ch,ch,es","Forestry and Wood Industry,Cultivation of Land, Horticulture,Hydrology","1,1,4",1,Universidad de Concepción,127,Profesor Asociado,Centro de Ciencias Ambientales EULA-Chile,#s.i.,Concepción,7,8,1,1,3,1.47,1
41862238900,Jorge Núñez Cobo,"Máster en Ingeniería Agrícola,Ingeniero Agrónomo,Doctor en Recursos Hídricos","3,1,4","Universidad de Concepción,Pontificia Universidad Católica de Valparaíso,Universidad de Concepción","127,69,127","ch,ch,ch","Cultivation of Land, Horticulture,Cultivation of Land, Horticulture,Hydrology","1,1,4",1,Centro del Agua para Zonas Áridas de América Latina y el Caribe,823730,Coordinador de proyectos,#s.i.,#s.i.,La Serena,4,4,7,7,59,17.53,4
51664851200,Pilar Gil,"Ingeniero Agrónomo,Doctor en Ciencias de la Agricultura","1,4","Pontificia Universidad Católica de Valparaíso,Pontificia Universidad Católica de Chile","69,67","ch,ch","Cultivation of Land, Horticulture,Cultivation of Land, Horticulture","1,1",1,Pontificia Universidad Católica de Chile,67,Profesor Titular,Facultad de Agronomía e Ingeniería Forestal,Departamento de Fruticultura y Enología,Santiago,1,14,7,3,11,4.68,1
52663151300,Claudio Bravo Lechuga,"Geógrafo,Máster en Geofísica","1,3","Universidad de Chile,Universidad de Chile","125,125","ch,ch","Human Geography, Regional Geography, Regional Planning,Physics, Astronomy","2,4",1,Centro de Estudios Científicos,823729,Asistente de investigación,Laboratorio de Glaciología,#s.i.,Valdivia,17,10,4,4,36,9.09,
54391571300,Amparo Parra Berrios,Ingeniero Civil Ambiental ,1,Universidad de La Serena,148,ch,Environmental Engineering,3,1,Universidad de La Serena,148,Profesor,Facultad de Ingeniería,Departamento de Ingeniería de Minas ,La Serena,4,4,1,1,3,1.7,
55091343200,Ana María Sancha Fernández,"Licenciado en Química,Químico","1,1","Pontificia Universidad Católica de Chile,Pontificia Universidad Católica de Chile","67,67","ch,ch","Chemistry,Chemistry","4,4",1,Universidad de Chile,125,#s.i.,Facultad de Ciencias Físicas y Matemáticas,Departamento de Ingeniería Civil,Santiago,1,14,1,0,10,4.01,
55173998700,Daniela Carrión,Geógrafo,1,Universidad de Chile,125,ch,"Human Geography, Regional Geography, Regional Planning",2,1,Centro de Estudios Científicos,823729,Asistente de investigación,Laboratorio de Glaciología,#s.i.,Valdivia,17,10,1,1,11,4.2,
55179443800,Rodrigo Vargas Rona,Geógrafo,1,Universidad de Chile,125,ch,"Human Geography, Regional Geography, Regional Planning",2,1,Universidad de Chile,125,Profesor Asistente,Facultad de Arquitectura y Urbanismo,Escuela de Geografía,Santiago,1,14,1,1,2,1.47,
55180707000,Pablo García Chevesich,"Máster en Hidrología y Manejo de Cuencas,Ingeniero Forestal,Doctor en Ingeniería en Biosistemas","3,1,4","University of Arizona,Universidad de Chile,University of Arizona","247,125,247","usa,ch,usa","Hydrology,Forestry and Wood Industry,Biology","4,1,4",1,Universidad de Chile,125,Profesor Titular,Facultad de Ciencias Forestales y de la Conservación de la Naturaleza,Departamento Gestión Forestal y su Medio Ambiente,Santiago,1,14,5,5,29,10.59,4
55181420600,Juan Ricardo Figueroa Jara,"Licenciado en Educación,Doctor en Ciencias Biológicas","1,4","Universidad de Concepción,Universidad de Málaga","127,154","ch,es","Educational Sciences,Biology","2,4",1,Universidad de Concepción,127,Coordinador,Centro de Ciencias Ambientales EULA-Chile,Unidad de Sistemas Acuáticos,Concepción,7,8,7,7,36,7.19,4
55314354600,Elisabeth Lictevout,"Máster en Gestión sostenible y protección de los recursos hídricos,Diplomado en Gestión de Riesgo de Desastres,Hidrogeóloga,Máster en Hidrogeología","3,2,1,3","Universidad Técnica de Braunschweig,Universidad Politécnica de Cataluña,Universidad de Montpellier,Universidad de Montpellier","234,226,156,156","al,es,fr,fr","Electrical Engineering, Electronics, Information Engineering,Technical Sciences not elsewhere classified,Hydrology,Hydrology","2,3,4,4",1,Universidad de Concepción,127,Académico,Facultad de Ciencias Forestales, Departamento Manejo de Bosques y Medio Ambiente,Concepción,7,8,1,0,1,0,
55329133700,Lina Castro,"Máster en Ingeniería Sanitaria y Ambiental,Ingeniero Civil,Doctor en Ciencias de la Ingeniería","3,1,4","Universidad del Valle,Universidad del Cauca,Pontificia Universidad Católica de Chile","189,185,67","col,col,ch","Civil Engineering,Civil Engineering,--","3,3,3",1,Pontificia Universidad Católica de Valparaíso,69,Profesor ,Escuela de Ingenieria,#s.i.,Valparaíso,6,5,3,2,9,3.4,3
55436925600,Pedro Arriagada Sanhueza,Máster en Ciencias de la Ingeniería,3,,#N/A,#N/A,--,3,1,Universidad de Concepción,127,Profesor,Facultad de Ciencias Ambientales,Departamento de Ingeniería Ambiental,Concepción,7,8,1,0,0,0,
55452369000,Carolina Morales,"Ingeniero Civil,Ingeniero Forestal,Máster en Ingeniería Agrícola, mención en Recursos Hídricos","1,1,3","Universidad Autónoma de Chile,Universidad de Talca,Universidad de Concepción","97,174,127","ch,ch,ch","Civil Engineering,Forestry and Wood Industry,Cultivation of Land, Horticulture","3,1,1",1,Universidad de Talca,174,Investigador Asociado,Centro Tecnológico de Hidrología Ambiental,#s.i.,Talca,5,7,6,6,19,4.64,4
55452784000,Carlos Vallejos Carrera,Ingeniero Forestal,1,Universidad de Talca,174,ch,Forestry and Wood Industry,1,1,Universidad de Talca,174,Investigador,Centro Tecnológico de Hidrología Ambiental,#s.i.,Talca,5,7,4,4,25,4.5,1
55454169300,Francisco Balocchi,Ingeniero Forestal,1,Universidad de Talca,174,ch,Forestry and Wood Industry,1,1,Universidad de Talca,174,Investigador,Centro Tecnológico de Hidrología Ambiental,#s.i.,Talca,5,7,6,6,30,7.9,1
55454216700,Roberto Fuentes Lagos,Ingeniero Forestal,1,Universidad de Talca,174,ch,Forestry and Wood Industry,1,1,Universidad de Talca,174,Investigador,Natural Disasters Footprint,#s.i.,Talca,5,7,4,4,25,4.5,1
55519846100,Sebastián Cisternas,"Máster en Geomática,Ingeniero Civil en Informática","3,1",Universidad de Santiago de Chile,#N/A,ch,"Geodesy, Surveying,Computer Sciences","3,4",1,Centro de Estudios Científicos,823729,Asistente de investigación,Laboratorio de Glaciología,#s.i.,Valdivia,17,10,2,2,13,3.57,
55543104100,Octavio Rojas Vilches,"Profesor en Historia y Geografía,Doctor en Ciencias Ambientales","1,4",Universidad de Concepción,#N/A,ch,"History, Archaeology,Environmental Engineering","6,3",1,Universidad de Concepción,127,Investigador ,Centro de Ciencias Ambientales EULA-Chile,Unidad de Planificación Territorial y Sistemas Urbanos,Concepción,7,8,1,1,0,0.24,4
55601794900,Mauricio Zambrano Bigiarini,"Ingeniero Civil,Doctor en Ingeniería Ambiental ","1,4","Universidad de Concepción,Universidad de Trento","127,177","ch,ita","Civil Engineering,Environmental Engineering","3,3",1,Universidad de La Frontera,146,Profesor Titular,Facultad de Ingeniería y Ciencias,Departamento de Ingeniería Civil,Temuco,13,9,4,3,73,10.13,4
55605895900,Jorge Rojas Hernández,"Sociólogo,Doctor en Sociología y Filosofía","1,4","Universidad de Hannover,Universidad de Hannover","142,142","al,al","Sociology,Sociology","2,2",1,Universidad de Concepción,127,Investigador Asociado,Centro de Ciencias Ambientales EULA-Chile,#s.i.,Concepción,7,8,1,1,0,0.28,2
55630059700,Richard Leboeuf,"Máster en Admininistración de Empresas,Ingeniero Eléctrico,Ingeniero Mecánico,Doctor en Ingeniería Mecánica","3,1,1,4","University of Maryland,New York University,New York University,New York University","269,58,58,58","usa,usa,usa,usa","Economics,Electrical Engineering, Electronics, Information Engineering,Mechanical Engineering,Mechanical Engineering","2,3,3,3",1,Universidad de Los Andes,151,Académico ,Facultad de Ingeniería,#s.i.,Santiago,1,14,2,0,0,3.93,
55659922800,Sandra Cortés Arancibia,"Máster en Ciencias Biológicas, mención Ciencias Ambientales,Médico Veterinario,Doctor en Salud Pública","3,1,4","Universidad de Chile,Universidad de Chile,Universidad de Chile","125,125,125","ch,ch,ch","Biology,Veterinary Medicine,Political Science","4,1,2",1,Pontificia Universidad Católica de Chile,67,Instructor Adjunto,Facultad de Medicina,Departamento de Salud Pública,Santiago,1,14,2,0,49,7.72,
55662508800,Rodrigo Fuster Gómez,"Máster en Ciencia y Tecnología Ambiental,Ingeniero Agrónomo,Doctor en Ciencia y Tecnologías Ambientales","3,1,4","Universidad Autónoma de Barcelona,Universidad de Chile,Universidad Autónoma de Barcelona","96,125,96","es,ch,es","Environmental Engineering,Cultivation of Land, Horticulture,Environmental Engineering","3,1,3",1,Universidad de Chile,125,Profesor Asistente,Facultad de Agronomía,Departamento de Ciencias Ambientales y Recursos Naturales Renovables,Santiago,1,14,2,1,3,1.88,4
55667104800,Katherine Lizama Allende,"Máster en Ciencias de la Ingeniería,Ingeniero Civil,Doctor en Ingeniería Civil","3,1,4","Pontificia Universidad Católica de Chile,Pontificia Universidad Católica de Chile,Monash University","67,67,56","ch,ch,aus","--,Civil Engineering,Civil Engineering","3,3,3",1,Universidad de Chile,125,Profesor asistente,Facultad de Ciencias Físicas y Matemáticas,Departamento de Ingeniería Civil,Santiago,1,14,7,4,109,15.33,3
55789695800,Daniel Mora Melia,"Licenciado en Ingeniería Química,Doctor en Hidráulica Ambiental","1,4","Universidad Politécnica de Valencia,Universidad Politécnica de Valencia","228,228","es,es","Chemical Process Engineering,Civil Engineering","3,3",1,Universidad de Talca,174,Profesor Asistente,Facultad de Ingeniería,Escuela de Ingeniería en Construcción,Curicó,15,7,7,0,36,4.7,
55793416500,Eric Sproles,"Máster en Geografía,Licenciado en Artes,Doctor en Hidrología y Ciencias de los Recursos Hídricos","3,1,4","University of Oregon,Florida State University,Oregon State University","281,33,63","usa,usa,usa","Human Geography, Regional Geography, Regional Planning,Arts,Hydrology","2,6,4",1,Centro de Estudios Avanzados en Zonas Áridas,823728,Investigador Asociado,#s.i.,#s.i.,La Serena,4,4,5,4,6,13.58,3
55799699100,Eduardo Salgado Varas,"Máster en Suelos y Aguas,Ingeniero Agrónomo,Doctor en Filosofía en Ingeniería Agrícola","3,1,4","Pontificia Universidad Católica de Chile,Pontificia Universidad Católica de Chile,Oregon State University","67,67,63","ch,ch,usa","Forestry and Wood Industry,Cultivation of Land, Horticulture,Cultivation of Land, Horticulture","1,1,1",1,Pontificia Universidad Católica de Valparaíso,69,"Profesor, Investigador",Escuela de Agronomía,#s.i.,Valparaíso,6,5,3,3,15,4.55,1
55840246700,Mauricio Vera,Ingeniero Forestal,1,Universidad de Talca,174,ch,Forestry and Wood Industry,1,1,Universidad de Talca,174,Investigador (becado),Centro Tecnológico de Hidrología Ambiental,#s.i.,Talca,5,7,3,3,14,5.03,3
55889906400,Rodrigo Abarca Del Río,"Máster en Electrónica, Electrotecnia, Diseño y Control,Licenciado en Ciencias Físicas,Doctor en Clima y Geofísica","3,1,4","Universidad Toulouse III,Universidad Toulouse III,Centro Nacional de Estudios Espaciales","242,242,12","fr,fr,fr","Electrical Engineering, Electronics, Information Engineering,Physics, Astronomy,Physics, Astronomy","3,4,4",1,Universidad de Concepción,127,Profesor Asociado,Facultad de Ciencias Físicas y Matemáticas,Departamento de Geofísica,Concepción,7,8,5,4,113,8.46,1
55918046800,Catalina Plaza de Los Reyes,"Químico Marino,Doctor en Ciencias Ambientales","1,4","Universidad Católica de la Santísima Concepción,Universidad de Concepción","103,127","ch,ch","Chemistry,Environmental Engineering","4,3",1,Universidad de Concepción,127,Investigador,Centro de Ciencias Ambientales EULA-Chile,#s.i.,Concepción,7,8,5,4,6,5.18,3
55949206400,Alberto Araneda Castillo,Doctor en Ciencias Ambientales,4,Universidad de Concepción,127,ch,Environmental Engineering,3,1,Universidad de Concepción,127,Investigador,Centro de Ciencias Ambientales EULA-Chile,Departamento de Sistemas Acuáticos,Concepción,7,8,5,5,19,8.6,4
55969963000,Yarko Niño Campos,"Máster en Ciencias, mención Ingeniería,Ingeniero Civil,Doctor en Ingeniería Civil","3,1,4","University of Illinois at Urbana-Champaign,Universidad de Chile,University of Illinois at Urbana-Champaign","261,125,261","usa,ch,usa","Civil Engineering,Civil Engineering,Civil Engineering","3,3,3",1,Universidad de Chile,125,Profesor Titular,Facultad de Ciencias Físicas y Matemáticas,Departamento de Ingeniería Civil,Santiago,1,14,8,6,36,13.59,4
56055936800,Pablo Álvarez Latorre,"Diplomado en Hidrología,Ingeniero Agrónomo,Doctor en Planificación, Desarrollo y Medio Ambiente","2,1,4","Czech University of Agriculture,Universidad de Chile,Universidad de Orleáns","18,125,160","rc,ch,fr","Hydrology,Cultivation of Land, Horticulture,Environmental Engineering","4,1,3",1,Universidad de La Serena,148,Académico,Escuela de Agronomía,Departamento de Agronomía,La Serena,4,4,2,2,7,2.78,4
56058914100,Emilio De la Jara,"Ingeniero Civil Agrícola, mención Recursos Hídricos en la Agricultura,Doctor en Ingeniería Civil Agrícola, mención Recursos Hídricos en la Agricultura","3,4","Universidad de Concepción,Universidad de Concepción","127,127","ch,ch","Cultivation of Land, Horticulture,Cultivation of Land, Horticulture","1,1",1,Universidad de Los Andes,151,#s.i.,Facultad de Ingeniería y Ciencias Aplicadas,#s.i.,Santiago,1,14,2,0,0,3.93,
56081126000,Danny Carvajal López,"Doctor en Biología y Ecología Aplicada,Magister en Ciencias Biológicas, mención Ecología de zonas áridas","4,3","Universidad de La Serena,Universidad de La Serena","148,148","ch,ch","Biology,Biology","4,4",1,Universidad de La Serena,148,Estudiante de doctorado,Facultad de Ciencias,Departamento de Biología,La Serena,4,4,1,1,6,1.11,4
56126420200,Luis Gurovich Rosenberg,"Ingeniero Agrónomo,Bachiller en Biología,Doctor en Fisico-Química de los suelos","1,1,4","Pontificia Universidad Católica de Chile,Universidad de Chile,Instituto Tecnológico de Israel","67,125,43","ch,ch,isr","Cultivation of Land, Horticulture,Biology,Chemistry","1,4,4",1,Pontificia Universidad Católica de Chile,67,Profesor Titular,Facultad de Agronomía e Ingeniería Forestal,Escuela de Agronomía,Santiago,1,14,6,3,18,4.62,4
56144715400,Rodrigo Valdés Pineda,"Ingeniero Forestal,Máster en Hidrología y Recursos Hídricos","1,3","Universidad de Talca,University of Arizona","174,247","ch,usa","Forestry and Wood Industry,Hydrology","1,4",1,Universidad de Talca,174,Director,Facultad de Ciencias Agrarias,Escuela de Agronomía,Talca,5,7,9,9,40,16.39,1
56144722400,Félix Pérez,Ingeniero Civil en Hidrología y aguas subterráneas,1,Universidad de Chile,125,ch,Hydrology,4,2,Hídrica Consultores,823734,Director Ejecutivo,#s.i.,#s.i.,Santiago,1,14,1,1,11,3.33,4
56148670500,Koen Verbist,"Máster en Bio-ingeniería, mención en Suelos y manejo forestal,Ingeniero Biológico,Doctor en Bioingeniería","3,1,4","Ghent University,University of Antwerp,Ghent University","36,246,36","bel,bel,bel","Forestry and Wood Industry,Biology,Environmental biotechnology","1,4,3",4,"Organización de las Naciones Unidas para la Educación, la Ciencia y la Cultura",565,Asistente especializado,Programa Hidrológico Internacional,Comité Chileno ,Santiago,1,14,7,5,56,16.1,1
56149966500,Claudia Sangüesa Pool,"Máster en Ingeniería Agrícola, mención en Recursos Hídricos,Ingeniero Forestal ,Doctor en Ingeniería Agrícola, mención Recursos Hídricos en la Agricultura ","3,1,4","Universidad de Concepción,Universidad de Talca,Universidad de Concepción","127,174,127","ch,ch,ch","Cultivation of Land, Horticulture,Forestry and Wood Industry,Cultivation of Land, Horticulture","1,1,1",1,Universidad de Talca,174,Gerencia Operativa,Centro Tecnológico de Hidrología Ambiental,#s.i.,Talca,5,7,5,5,19,4.47,1
56150126400,Romina Mendoza Mendoza,Ingeniero Forestal,1,Universidad de Talca,174,ch,Forestry and Wood Industry,1,1,Universidad de Talca,174,Investigador ,Centro Tecnológico de Hidrología Ambiental,#s.i.,Talca,5,7,1,1,0,0.23,4
56152457400,Óscar Melo Contreras,"Máster en Agricultura y Economía de Recursos Naturales,Ingeniero Agrónomo,Doctor en Agricultura y Economía de Recursos Naturales","3,1,4","University of Maryland,Pontificia Universidad Católica de Chile,University of Maryland","269,67,269","usa,ch,usa","Economics,Cultivation of Land, Horticulture,Economics","2,1,2",1,Pontificia Universidad Católica de Chile,67,Profesor Titular,Facultad de Agronomía e Ingeniería Forestal,Departamento de Economía Agraria,Santiago,1,14,5,3,11,4.8,4
56194982400,José Francisco Muñoz Pardo,"Diplomado en Estudios Especializados,Ingeniero Civil,Doctor en Ciencias de la Ingeniería","2,1,4","Universidad de Grenoble,Pontificia Universidad Católica de Chile,Universidad de Grenoble","139,67,139","fr,ch,fr","--,Civil Engineering,--",#N/A,1,Pontificia Universidad Católica de Chile,67,Profesor Titular,Escuela de Ingeniería,Departamento de Ingeniería Hidráulica y Ambiental,Santiago,1,14,2,2,3,3.39,4
56200652700,Adriano Rovira,"Diplomado en Gestión Ambiental del Desarrollo,Licenciado en Geografía,Doctor en Geografía","2,1,4","Centro Internacional de Formación en Ciencias Ambientales,Universidad de Huelva,Universidad de Huelva","11,144,144","es,es,es","Economics,Human Geography, Regional Geography, Regional Planning,Human Geography, Regional Geography, Regional Planning","2,2,2",1,Universidad Austral de Chile,94,"Profesor, Investigador",Facultad de Ciencias,Instituto de Ciencias Ambientales & Evolutivas,Valdivia,17,10,1,1,0,0.07,3
56200954900,Yerko Castillo Ávalos,"Licenciado en Recursos Naturales Renovables,Máster en Recursos Hídricos","1,3","Universidad de Chile,Universidad Austral de Chile","125,94","ch,ch","Agriculture and Forestry, Fishery not elsewhere classified,Hydrology","1,4",1,Universidad Austral de Chile,94,Investigador adjunto,Centro Transdisciplinario de Estudios Ambientales y Desarrollo Humano Sostenible ,#s.i.,Valdivia,17,10,1,1,0,0.07,4
56228802300,Rodrigo Riquelme Salazar,"Máster en Ciencias, mención Geología,Geólogo,Doctor en Ciencias de la Tierra y Medio Ambiente","3,1,4","Universidad de Chile,Universidad de Chile,Universidad Toulouse III","125,125,242","ch,ch,fr","Geology, Mineralogy,Geology, Mineralogy,Environmental Engineering","4,4,3",1,Universidad Católica del Norte,107,Investigador,Centro de Investigación Tecnológica del Agua en el Desierto,Unidad de Gestión de Cuencas,Antofagasta,10,2,1,1,5,2.37,4
56252675000,Carolina Martínez Reyes,"Máster en Geografía, mención Evaluación de Recursos Naturales,Diplomado en Estudios Avanzados,Geógrafo,Doctor en Geografía, mención Gestión Ambiental, Paisaje y Geografía","3,2,1,4","Universidad de Chile,Universidad de Barcelona,Universidad de Playa Ancha,Universidad de Barcelona","125,119,165,119","ch,es,ch,es","Human Geography, Regional Geography, Regional Planning,--,Human Geography, Regional Geography, Regional Planning,Human Geography, Regional Geography, Regional Planning",#N/A,1,Pontificia Universidad Católica de Chile,67,Profesor Titular,"Facultad de Historia, Geografía y Ciencia Política",Instituto de Geografía,Santiago,1,14,2,2,0,0.35,3
56255615400,Jonathan Oberreuter Álvarez,"Ingeniero Civil Acústico,Máster en Acústica y Vibraciones","1,3","Universidad Austral de Chile,Universidad Austral de Chile","94,94","ch,ch","Physics, Astronomy,Physics, Astronomy","4,4",1,Centro de Estudios Científicos,823729,Asistente de investigación,Laboratorio de Glaciología,#s.i.,Valdivia,17,10,3,3,4,10.99,
56273296500,Roberto Urrutia Pérez,"Biólogo,Doctor en Ciencias Ambientales","1,4","Universidad de Concepción,Universidad de Concepción","127,127","ch,ch","Biology,Environmental Engineering","4,3",1,Universidad de Concepción,127,Vicedecano,Facultad de Ciencias Ambientales,#s.i.,Concepción,7,8,16,15,88,29.91,4
56293348800,Felisa Barrera,Ingeniero Civil Ambiental,1,Universidad de La Serena,148,ch,Environmental Engineering,3,2,Earth Science Consultants,823735,Ingeniero de Proyectos,#s.i.,#s.i.,La Serena,4,4,1,1,5,1.9,4
56343347700,Alex Schwarz Kusch,"Máster en Ciencias de la Ingeniería,Ingeniero Civil,Doctor en Ingeniería Civil","3,1,4","Pontificia Universidad Católica de Chile,Pontificia Universidad Católica de Chile,Northwestern University","67,67,60","ch,ch,usa","--,Civil Engineering,Civil Engineering","3,3,3",1,Universidad de Concepción,127,Profesor asociado,Facultad de Ingeniería,Departamento de Ingeniería Civil,Concepción,7,8,3,3,11,9.67,4
56382128400,Andrés De la Fuente D.,Ingeniero Agrónomo,1,Universidad de Chile,125,ch,"Cultivation of Land, Horticulture",1,1,Universidad de Chile,125,Instructor Adjunto,Facultad de Ciencias Agronómicas,Departamento de Ciencias Ambientales y Recursos Renovables Naturales,Santiago,1,14,1,1,0,1.76,
56382514300,Gloria Lillo,"Ingeniero en Recursos Naturales Renovables,Máster en Ciencias Ambientales, mención Aguas Transnacionales","1,3","Universidad de Chile,Radboud University Nijmegen","125,73","ch,ho","Agriculture and Forestry, Fishery not elsewhere classified,Environmental Engineering","1,3",1,Universidad de Chile,125,Asistente de investigación,Centro de Ciencia del Clima y la Resiliencia,#s.i.,Santiago,1,14,1,1,0,1.76,3
56398618600,Francisco Suárez,"Máster en Ciencias de la Ingeniería,Ingeniero Civil Hidráulico,Doctor en Hidrogeología","3,1,4","Universidad de Chile,Universidad de Chile,University of Nevada, Reno","125,125,276","ch,ch,usa","--,Civil Engineering,Hydrology","3,3,4",1,Pontificia Universidad Católica de Chile,67,"Profesor, Investigador",Escuela de Ingeniería,Ingeniería Hidráulica y Ambiental ,Santiago,1,14,14,14,144,46.62,4
56436934400,Manuel Soto Benavides,Ingeniero Forestal,1,,#N/A,#N/A,Forestry and Wood Industry,1,1,Centro del Agua para Zonas Áridas de América Latina y el Caribe,823730,Encargado Área Técnica,#s.i.,#s.i.,La Serena,4,4,2,2,11,4.34,
56458932600,Ivo Fustos Toribio,"Licenciado en Física,Geofísico,Doctor en Ciencias Geológicas","1,1,4","Universidad de Concepción,Universidad de Concepción,Universidad de Concepción","127,127,127","ch,ch,ch","Physics, Astronomy,Physics, Astronomy,Geology, Mineralogy","4,4,4",1,Universidad de Concepción,127,Profesor,Facultad de Ciencias Físicas y Matemáticas,Departamento de Geofísica,Concepción,7,8,1,0,0,1.08,
56471620000,Álvaro González Reyes,"Ingeniería en Conservación de Recursos Naturales,Doctor © en Geología","1,4","Universidad Austral de Chile,Universidad de Chile","94,125","ch,ch","Agriculture and Forestry, Fishery not elsewhere classified,Geology, Mineralogy","1,4",1,Universidad de Chile,125,Estudiante de doctorado,Facultad de Ciencias Físicas y Matemáticas,Doctorado en Geología,Santiago,1,14,1,0,0,3.33,
56485555100,Carlos Aguayo,Ingeniero en Acuicultura,1,,#N/A,#N/A,"Agriculture and Forestry, Fishery not elsewhere classified",1,1,Universidad Católica de Temuco,104,Docente,Facultad de Recursos Naturales, Escuela de Ciencias Ambientales,Temuco,13,9,1,1,0,0.55,4
56595135700,Javier Lozano Parra,"Máster en Sistemas de Información Geográficos y Teledetección,Licenciado en Geografía y Ordenamiento Territorial,Doctor en Geografía Física","3,1,4","Universidad de Gerona,Universidad de Extremadura,Universidad de Extremadura","135,132,132","es,es,es","Human Geography, Regional Geography, Regional Planning,Human Geography, Regional Geography, Regional Planning,Human Geography, Regional Geography, Regional Planning","2,2,2",1,Pontificia Universidad Católica de Chile,67,Profesor Titular,"Facultad de Historia, Geografía y Ciencia Política",Instituto de Geografía,Santiago,1,14,3,3,6,10.1,4
56609981700,Francisco Ferrando Acuña,"Geógrafo,Doctor en Geografía y Ordenamiento Territorial","4,1,1,4","Universidad de Zaragoza,Universidad de Chile,Universidad de Chile,Universidad de Zaragoza","183,125,125,183","es,ch,ch,es","Human Geography, Regional Geography, Regional Planning,Human Geography, Regional Geography, Regional Planning,Human Geography, Regional Geography, Regional Planning,Human Geography, Regional Geography, Regional Planning","2,2,2,2",1,Universidad de Chile,125,Profesor Asociado,Facultad de Arquitectura y Urbanismo,Departamento de Geografía,Santiago,1,14,1,1,3,2.86,4
56629149600,Pablo Osses McIntyre,"Geógrafo,Máster en Economía Agraria","1,3","Pontificia Universidad Católica de Chile,Pontificia Universidad Católica de Chile","67,67","ch,ch","Human Geography, Regional Geography, Regional Planning,Economics","2,2",1,Pontificia Universidad Católica de Chile,67,Profesor asistente,"Facultad de Historia, Geografía y Ciencia Política",Instituto de Geografía,Santiago,1,14,1,1,35,2.35,2
56841333600,Melanie Oertel,"Diplomado en Ciencias Sociales,Máster en Ciencias de la Ingeniería de Recursos Hídricos","2,3",#s.i.,#N/A,#N/A,"Sociology,Hydrology","2,4",1,Pontificia Universidad Católica de Chile,67,Investigador asociado,Centro de Cambio Global UC ,#s.i.,Santiago,1,14,2,1,1,0.88,4
56890618900,Luis Morales Salinas,"Máster en Ciencias Físicas,Profesor en Ciencias Naturales y Física,Doctor en Ciencias Ambientales","3,1,4","Universidad Austral de Chile,Pontificia Universidad Católica de Chile,Universidad de Concepción","94,67,127","ch,ch,ch","Physics, Astronomy,Physics, Astronomy,Environmental Engineering","4,4,3",1,Universidad de Chile,125,Profesor Titular,Facultad de Ciencias Agronómicas,Departamento de Ciencias Ambientales y Recursos Naturales Renovables,Santiago,1,14,3,3,22,5.67,1
56906609100,Enrique Álvarez Hernández,"Máster en Ciencias en Ingeniería Hidráulica,Ingeniero Civil Químico,Doctor en Ingeniería Hidráulica","3,1,4","University of Newcastle Upon Tyne,Pontificia Universidad Católica de Chile,University of Newcastle Upon Tyne","279,67,279","uk,ch,uk","Civil Engineering,Chemical Process Engineering,Civil Engineering","3,3,3",1,Universidad Diego Portales,190,"Profesor, Investigador",Facultad de Ingeniería, Escuela de Ingeniería en Obras Civiles,Santiago,1,14,1,0,0,0.28,
57188763528,Víctor Campos Araneda,"Máster en Ciencias, mención en Microbiología,Licenciado en Biología,Doctor en Ciencias Ambientales","3,1,4","Universidad de Concepción,Universidad de Concepción,Universidad de Concepción","127,127,127","ch,ch,ch","Biology,Biology,Environmental Engineering","4,4,3",1,Universidad de Concepción,127,Profesor Asistente,Facultad de Ciencias Biológicas,Departamento de Microbiologia,Concepción,7,8,2,2,7,3.02,4
57188787931,María Molinos Senante,"Máster en Economía Aplicada,Máster en Ingeniería Ambiental,Licenciado en Ciencias Ambientales,Doctor en Desarrollo Local y Territorio","3,3,1,4","Universidad Nacional de Educación a Distancia,Universidad de Valencia,Universidad de Valencia,Universidad de Valencia","217,178,178,178","es,es,es,es","Economics,Environmental Engineering,Environmental Engineering,Human Geography, Regional Geography, Regional Planning","2,3,3,2",1,Pontificia Universidad Católica de Chile,67,Profesor Asistente,Escuela de Ingeniería,Departamento de Ingeniería Hidráulica y Ambiental ,Santiago,1,14,43,38,608,106.03,4
57190672709,Jorge  Hernández,Ingeniero Geomensor,1,Universidad de Santiago de Chile,170,ch,"Geodesy, Surveying",3,1,Centro de Estudios Científicos,823729,Asistente de investigación,Laboratorio de Glaciología,#s.i.,Valdivia,17,10,1,1,0,1.84,
57191590940,José Vargas Baecheler,"Ingeniero Civil, mención Hidráulica,Doctor en Ciencias Ambientales","1,4","Universidad de Concepción,Universidad de Concepción","127,127","ch,ch","Civil Engineering,Environmental Engineering","3,3",1,Universidad de Concepción,127,Profesor ,Facultad de Ingeniería,Departamento de Ingeniería Civil,Concepción,7,8,1,1,0,0.23,4
57192123165,Brian Townley,"Máster en Ciencias, mención Geología,Geólogo,Doctor en Ciencias, mención Geología","3,1,4","Universidad de Chile,Universidad de Chile,Queen’s University Kingston","125,125,70","ch,ch,ca","Geology, Mineralogy,Geology, Mineralogy,Geology, Mineralogy","4,4,4",1,Universidad de Chile,125,Profesor Asociado,Facultad de Ciencias Físicas y Matemáticas,Departamento de Geología,Santiago,1,14,1,0,3,2.47,