nombre_entidad,sigla_entidad,institucion_madre,institucion_madre_rec,nombre_unidad,tipo_unidad,tipo_unidad_rec,tipo_unidad_2,tipo_unidad_2_rec,proposito1,proposito1_rec,proposito2,proposito2_rec,proposito3,proposito3_rec,proposito4,proposito4_rec,sitio_web_unidad,contacto_unidad,cargo_contacto_unidad,mail_contacto_unidad,telefono_contacto_unidad,direccion_unidad,ciudad_unidad,ciudad_unidad_rec,region_unidad,region_unidad_rec,cantidad_capacidades,fuentes
ACF Minera S.A.,ACF,ACF Minera S.A.,ACF,Estaciones de Monitoreo,Red,1,--,#N/A,Monitoreo,1,--,#N/A,--,#N/A,--,#N/A,--,--,--,--,--,--,--,#N/A,Tarapacá,1,2,2
Aguas Andinas,AA,Aguas Andinas,AA,Laboratorio ANAM,Laboratorio,2,--,#N/A,Análisis,2,--,#N/A,--,#N/A,--,#N/A,--,--,--,--,--,--,--,#N/A,Región Metropolitana,14,13,2
Aguas del Altiplano,A.A,Aguas del Altiplano,A.A,Estaciones de Monitoreo de Aguas del Altiplano,Red,1,--,#N/A,Monitoreo,1,--,#N/A,--,#N/A,--,#N/A,--,--,--,--,--,--,--,#N/A,--,#N/A,2,2
Amphos 21 Consulting Chile,Amphos21,Amphos 21 Group Chile,406,Amphos 21 Consulting Chile,Laboratorio,2,--,#N/A,Modelación,3,--,#N/A,--,#N/A,--,#N/A,--,--,--,--,--,--,--,#N/A,--,#N/A,6,2
Centro de Cambio Global UC,CCG-UC,Pontificia Universidad Católica de Chile,67,Centro de Cambio Global UC,Laboratorio de computación,3,--,#N/A,Simulación,4,--,#N/A,--,#N/A,--,#N/A,--,--,--,--,--,--,--,#N/A,--,#N/A,2,1
Centro de Ciencia del Clima y la Resiliencia,CR2,Universidad de Chile,125,Centro de Ciencia del Clima y la Resiliencia,Red,1,Laboratorio,1,Monitoreo,1,Análisis,2,--,#N/A,--,#N/A,--,--,--,--,--,--,--,#N/A,--,#N/A,22,1
Centro de Ciencias Ambientales EULA - Chile,EULA,Universidad de Concepción,127,Grupo de Ingeniería y Biotecnología Ambiental (GIBA),Laboratorio,2,Laboratorio de computación,2,Análisis,2,Experimentación,10,Cálculo,7,Simulación,4,http://www.eula.cl/investigacion/unidad-de-ingenieria-ambiental,Gladys Vidal,Investigador Responsable,glvidal@udec.cl,+56 41 220 4067 ,Víctor Lamas 1290,Concepción,7,Bío Bío,8,11,1
Centro de Ciencias Ambientales EULA - Chile,EULA,Universidad de Concepción,127,Laboratorio de Ecología y Conservación de Peces,Laboratorio,2,--,#N/A,Análisis,2,Experimentación,10,Monitoreo,1,--,#N/A,http://www.eula.cl/investigacion/unidad-de-sistemas-acuaticos,Evelyn Habit,Investigador Responsable,ehabit@udec.cl,+56 41 220 4063,Víctor Lamas 1290,Concepción,7,Bío Bío,8,5,1
Centro de Ecología Aplicada,CEA,Centro de Ecología Aplicada ,557,Laboratorio de análisis de calidad de aguas,Laboratorio,2,--,#N/A,Análisis,2,Control de calidad,12,Calibración,19,--,#N/A,http://www.cea.cl,Manuel Contreras Leiva,Director Ejecutivo,mcontreras@cea.cl,+56 22 274 1872,Avda. Príncipe de Gales 6465,Santiago,1,Región Metropolitana,14,8,1
Centro de Ecología Aplicada,CEA,Centro de Ecología Aplicada ,557,"Unidad de modelación numérica de  ecosistemas acuáticos, terrestres y marinos",Laboratorio de computación,3,Sistema de información,3,Monitoreo,1,Análisis,2,Modelación física,9,Simulación,4,http://www.cea.cl,Manuel Contreras Leiva,Director Ejecutivo,mcontreras@cea.cl,+56 22 274 1872,Avda. Príncipe de Gales 6465,Santiago,1,Región Metropolitana,14,6,1
Centro de Ecología Aplicada,CEA,Centro de Ecología Aplicada ,557,Unidad de percepción remota,Plataformas aéreas,4,--,#N/A,Monitoreo,1,Análisis,2,Observación,16,--,#N/A,http://www.cea.cl,Manuel Contreras Leiva,Director Ejecutivo,mcontreras@cea.cl,+56 22 274 1872,Avda. Príncipe de Gales 6465,Santiago,1,Región Metropolitana,14,6,1
Centro de Ecología Aplicada,CEA,Centro de Ecología Aplicada ,557,Laboratorio de análisis de muestras hidrobiológicas y marinas,Laboratorio,2,--,#N/A,Análisis,2,Control de Calidad,12,Calibración,19,--,#N/A,http://www.cea.cl,Manuel Contreras Leiva,Director Ejecutivo,mcontreras@cea.cl,+56 22 274 1872,Avda. Príncipe de Gales 6465,Santiago,1,Región Metropolitana,14,4,1
Centro de Estudio de Humedales,CEH,Centro de Estudios del Desarrollo (CED),570,Observatorio de Seguimiento de los Efectos del Cambio Climático sobre la Biota y Ecológico-Sociales,Red,1,Sistema de información,3,Monitoreo,1,--,#N/A,--,#N/A,--,#N/A,http://www.ceh.cl/presentacion-ceh/localizacion/,Crolina Vera,Coordinadora,cvera@ceh.cl,+56 98 743 6864,Salar del Huasco,Pica,59,Tarapacá,1,6,1
Centro de Estudios Avanzados en Zonas Áridas,CEAZA,Centro de Estudios Avanzados en Zonas Áridas,CEAZA,CEAZA-MET,Red,1,--,#N/A,Monitoreo,1,--,#N/A,--,#N/A,--,#N/A,http://ceazamet.cl/,Christian Orrego,Administrador de bases de datos científicas,cristian.orrego@ceaza.cl,+56 51 233 4866,Avda. Raúl Bitrán Nachary 1305 ,La Serena,4,Coquimbo,4,6,2
Centro de Estudios Científicos,CECs,Centro de Estudios Científicos,CECs,Laboratorio de Glaciología,Estación,5,--,#N/A,Monitoreo,1,Análisis,2,Observación,16,--,#N/A,http://cecs.cl/website/index.php/es/laboratorio-de-glaciologia,Andrés Rivera,Investigador,arivera@cecs.cl,+56 63 223 4535,Arturo Prat 514,Valdivia,17,Los Ríos,10,14,1
Centro de Estudios de Zonas Áridas,CEZA,Universidad de Chile,125,Laboratorio de Adaptación de las Plantas a la Aridez (APA),Laboratorio de Ecofisiología,6,--,#N/A,Descripción de comportamiento de plantas en condiciones de aridez,5,Evaluación de manejos agronómicos para aumentar eficiencia del uso del recurso hídrico,13,--,#N/A,--,#N/A,http://www.ceza.uchile.cl/,Víctor Muñoz Aravena,Gestor de proyectos,victormunoz.uchile@gmail.com,+56 9 9092 6324,Aníbal Pinto 1069,Coquimbo,39,Coquimbo,4,9,1
Centro de Estudios de Zonas Áridas,CEZA,Universidad de Chile,125,Estación Experimental Agronómica Las Cardas (EEALC),Estación Experimental Agronómica en condiciones  de semiaridez,7,--,#N/A,Promoción de actividades de investigación,6,Coordinación de actividades de investigación,14,--,#N/A,--,#N/A,http://www.ceza.uchile.cl/,Víctor Muñoz Aravena,Gestor de proyectos,victormunoz.uchile@gmail.com,+56 9 9092 6324,Aníbal Pinto 1069,Coquimbo,39,Coquimbo,4,1,1
Centro de Excelencia en Geotermia de Los Andes,CEGA,Universidad de Chile,125,Laboratorio de Datos Geoquímicos e Isotópicos,Laboratorio,2,Laboratorio de computación,2,Análisis,2,Modelación matemática,15,Cálculo,7,Simulación,4,http://www.cega.ing.uchile.cl/cega/index.php/es/laboratorios,Diego Morata,Director,dmorata@cec.uchile.cl,+56 2 2978 4539,Plaza Ercilla 803,Santiago,1,Región Metropolitana,14,7,1
Centro de Excelencia en Geotermia de Los Andes,CEGA,Universidad de Chile,125,Laboratorio de Geoquímica de Gases,Laboratorio,2,--,#N/A,Análisis,2,Modelación matemática,15,--,#N/A,--,#N/A,--,--,--,--,--,--,--,#N/A,--,#N/A,1,1
Centro de Excelencia en Geotermia de Los Andes,CEGA,Universidad de Chile,125,Laboratorio de computación,Laboratorio de computación,3,--,#N/A,Cálculo,7,Simulación,4,--,#N/A,--,#N/A,--,--,--,--,--,--,--,#N/A,--,#N/A,1,1
Centro de Excelencia en Geotermia de Los Andes,CEGA,Universidad de Chile,125,Laboratorio de Microscopía Electrónica y Microanálisis,Laboratorio,2,--,#N/A,Análisis,2,Modelación matemática,15,--,#N/A,--,#N/A,--,--,--,--,--,--,--,#N/A,--,#N/A,1,1
Centro de Excelencia en Geotermia de Los Andes,CEGA,Universidad de Chile,125,Laboratorio de Datos geofísicos,Laboratorio,2,--,#N/A,Análisis,2,Modelación matemática,15,--,#N/A,--,#N/A,--,--,--,--,--,--,--,#N/A,--,#N/A,2,1
Centro de Gestión y Tecnología del Agua,CEGETco,Universidad de La Frontera,146,Laboratorio de Bioenergía y Biotecnología Medioambiental,Laboratorio,2,--,#N/A,Análisis,2,Experimentación,10,--,#N/A,--,#N/A,http://cegetco.ufro.cl/index.php/servicios,--,--,--,--,--,--,#N/A,--,#N/A,1,2
Centro de Gestión y Tecnología del Agua,CEGETco,Universidad de La Frontera,146,Laboratorio de Calidad del Agua,Laboratorio,2,--,#N/A,Análisis,2,Experimentación,10,--,#N/A,--,#N/A,http://cegetco.ufro.cl/index.php/servicios,--,--,--,--,--,--,#N/A,--,#N/A,2,2
Centro de Gestión y Tecnología del Agua,CEGETco,Universidad de La Frontera,146,Laboratorio de Gestión de Información del Recurso Hídrico,Laboratorio,2,--,#N/A,Análisis,2,--,#N/A,--,#N/A,--,#N/A,http://cegetco.ufro.cl/index.php/servicios,--,--,--,--,--,--,#N/A,--,#N/A,2,2
Centro de Información de Recursos Naturales,CIREN,Ministerio de Agricultura,483,Centro de Información de Recursos Naturales (CIREN),Sistema de información,8,--,#N/A,Análisis,2,--,#N/A,--,#N/A,--,#N/A,--,--,--,--,--,--,--,#N/A,--,#N/A,4,2
Centro de Investigación en Ecosistemas de la Patagonia,CIEP,Centro de Investigación en Ecosistemas de la Patagonia ,558,Laboratorio Analítica Calidad de Agua,Laboratorio,2,--,#N/A,Análisis,2,Experimentación,10,Calibración,19,--,#N/A,http://www.ciep.cl/laboratorio,Brian Reid,Investigador,brian.reid@ciep.cl,+56 67 224 7820,"Km 4.5 Camino a Puerto Aysén, Sector El Arenal",Coyhaique,14,Aysén ,12,3,1
Centro de Investigación en Ecosistemas de la Patagonia,CIEP,Centro de Investigación en Ecosistemas de la Patagonia ,558,Estaciones De Monitoreo,Red,1,--,#N/A,Monitoreo,1,Observación,16,--,#N/A,--,#N/A,http://www.ciep.cl/laboratorio,Brian Reid,Investigador,brian.reid@ciep.cl,+56 67 224 7820,"Km 4.5 Camino a Puerto Aysén, Sector El Arenal",Coyhaique,14,Aysén ,12,3,1
Centro de Investigación Tecnológica del Agua en el Desierto,CEITSAZA,Universidad Católica del Norte,107,Laboratorio de Cuencas,Laboratorio,2,--,#N/A,--,#N/A,--,#N/A,--,#N/A,--,#N/A,http://www.centrodeaguas.cl/index.php/infraestructura/equipamiento/equipamiento-laboratorio-de-cuencas,Alex Covarrubias,Investigador,acovarru@ucn.cl ,+56 55 235 5276,Avda. Angamos 610,Antofagasta,10,Antofagasta,2,3,2
Centro de Investigación Tecnológica del Agua en el Desierto,CEITSAZA,Universidad Católica del Norte,107,Laboratorio Orgánico e Inorgánico,Laboratorio,2,--,#N/A,--,#N/A,--,#N/A,--,#N/A,--,#N/A,http://www.centrodeaguas.cl/index.php/infraestructura/equipamiento/equipamiento-laboratorio-organico-e-inorganico,María Ildefonso,Encargada de Laboratotio,mic001@ucn.cl,--,Avda. Angamos 610,Antofagasta,10,Antofagasta,2,6,2
Centro de Investigación Tecnológica del Agua en el Desierto,CEITSAZA,Universidad Católica del Norte,107,Laboratorio Tecnológico,Laboratorio,2,--,#N/A,--,#N/A,--,#N/A,--,#N/A,--,#N/A,http://www.centrodeaguas.cl/index.php/infraestructura/equipamiento/equipamiento-laboratorio-tecnologico,Nelson Alarcón,Investigador,nalarcon@ucn.cl,+56 55 235 5920,Avda. Angamos 610,Antofagasta,10,Antofagasta,2,4,2
Centro de Investigación y Desarrollo en Recursos Hídricos,CIDERH,Universidad Arturo Prat,93,Observatorio del Agua,Red,1,Sistema de información,3,Monitoreo,1,Análisis,2,Observación,16,--,#N/A,http://www.odea.cl/,Constanza Maass,Profesional de Apoyo,constanza.maass@ciderh.cl,+56 57 253 0800,"Vivar 493, 3er Piso",Iquique,12,Tarapacá,1,5,1
Centro de Investigación y Desarrollo en Recursos Hídricos,CIDERH,Universidad Arturo Prat,93,Laboratorio Análisis Químico,Laboratorio,2,--,#N/A,Análisis,2,Experimentación,10,--,#N/A,--,#N/A,http://www.ciderh.cl/servicios,Jorge Olave Vera,Director Subrogante CIDERH,jorge.olave@ciderh.cl,+56 57 253 0800,Avda. Arturo Prat 2120,Iquique,12,Tarapacá,1,6,1
Centro de Investigación y Gestión de Recursos Naturales,CIGREN,Universidad de Valparaíso,179,Laboratorio de Química Analítica y Ambiental,Laboratorio,2,--,#N/A,Análisis,2,Experimentación,10,--,#N/A,--,#N/A,http://cigren.cl/servicios,Gabriela Lobos,Investigadora,gabriela.lobos@uv.cl,+56 32 250 8174,Blanco 951,Valparaíso,6,Valparaíso,5,8,1
Centro de Investigación y Transferencia en Agroclimatología y Riego,CITRA,Universidad de Talca,174,Programación de Riego,Laboratorio,2,--,#N/A,Modelación,3,--,#N/A,--,#N/A,--,#N/A,--,--,--,--,--,--,--,#N/A,--,#N/A,2,2
Centro de Modelamiento Matemático,CMM,Universidad de Chile,125,Laboratorio Nacional de Computación de Alto Rendimiento,Laboratorio de computación,3,--,#N/A,Cálculo,7,--,#N/A,--,#N/A,--,#N/A,http://www.nlhpc.cl/,Ginés Guerrero,Director ejecutivo,gguerrero@nlhpc.cl,+56 2 2978 4603,Beauchef 851,Santiago,1,Región Metropolitana,14,1,1
Centro de Recursos Hídricos para la Agricultura y la Minería,CRHIAM,Universidad de Concepción,127,Sistema de Información Geográfico,Sistema de información,8,--,#N/A,Otro,8,--,#N/A,--,#N/A,--,#N/A,--,--,--,--,--,--,--,#N/A,--,#N/A,1,1
Centro de Recursos Hídricos para la Agricultura y la Minería,CRHIAM,Universidad de Concepción,127,Tecnología para el Tratamiento de Agua y la Remediación Ambiental,Otro,9,--,#N/A,Otro,8,--,#N/A,--,#N/A,--,#N/A,--,--,--,--,--,--,--,#N/A,--,#N/A,2,1
Centro de Recursos Hídricos para la Agricultura y la Minería,CRHIAM,Universidad de Concepción,127,Uso Eficiente del Agua en la Agricultura y Minería,Otro,9,--,#N/A,Otro,8,--,#N/A,--,#N/A,--,#N/A,--,--,--,--,--,--,--,#N/A,--,#N/A,5,1
Centro de Recursos Hídricos para la Agricultura y la Minería,CRHIAM,Universidad de Concepción,127,"Agua de mar como nueva fuente de agua para la agricultura, minería y comunidades",Otro,9,--,#N/A,Otro,8,--,#N/A,--,#N/A,--,#N/A,--,--,--,--,--,--,--,#N/A,--,#N/A,5,1
Centro de Recursos Hídricos para la Agricultura y la Minería,CRHIAM,Universidad de Concepción,127,"Hidrología, la disponibilidad de agua y el cambio climático",Otro,9,--,#N/A,Otro,8,--,#N/A,--,#N/A,--,#N/A,--,--,--,--,--,--,--,#N/A,--,#N/A,1,1
Centro de Recursos Hídricos para la Agricultura y la Minería,CRHIAM,Universidad de Concepción,127,"Governanza del Agua, Servicios de Eco-Sistemas y Sustentabilidad",Otro,9,--,#N/A,Otro,8,--,#N/A,--,#N/A,--,#N/A,--,--,--,--,--,--,--,#N/A,--,#N/A,2,1
Centro de Recursos Hídricos para la Agricultura y la Minería,CRHIAM,Universidad de Concepción,127,Laboratorio de Ingeniería Ambiental UdeC,Laboratorio,2,--,#N/A,Análisis,2,Experimentación,10,Modelación matemática,15,--,#N/A,--,--,--,--,--,--,--,#N/A,--,#N/A,6,1
Centro del Agua para la Agricultura,CAA,Universidad de Concepción,127,"Unidad de proyectos tecnológicos, investigación aplicada e innovación",Otro,9,--,#N/A,Otro,8,--,#N/A,--,#N/A,--,#N/A,http://centrodelagua2.udec.cl/?q=node/29,Felipe De la Hoz,Director general,felipedelahoz@udec.cl,+56 72 271 3820,"Liceo Agrícola El Carmen de San Fernando, Ruta 5 Sur, Km. 140",Santiago,1,Bernardo O´higgins,6,3,1
Centro del Agua para Zonas Áridas de América Latina y el Caribe,CAZALAC,"Organización de las Naciones Unidas para la Educación, la Ciencia y la Cultura",565,Unidad de Monitoreo de Sequías e Inundaciones,Sistema de información,8,--,#N/A,Monitoreo,1,--,#N/A,--,#N/A,--,#N/A,http://www.cazalac.org/,--,--,--,--,--,--,#N/A,--,#N/A,2,1
Centro Nacional de Investigación para la Gestión Integrada de Desastres Naturales,CIGIDEN,Centro Nacional de Investigación para la Gestión Integrada de Desastres Naturales,CIGIDEN,Centro Nacional de Investigación para la Gestión Integrada de Desastres Naturales,Laboratorio,2,Sistema de información,3,Monitoreo,1,Vigilancia,17,Observación,16,--,#N/A,--,--,--,--,--,--,--,#N/A,--,#N/A,6,2
Centro Nacional del Medio Ambiente,CENMA,Universidad de Chile,125,Laboratorio de Biodiversidad,Laboratorio,2,--,#N/A,Análisis,2,Experimentación,10,Modelación matemática,15,--,#N/A,http://www.cenma.cl/biodiversidad.php,Rodrigo Ramos-Jilberto,Investigador,ramos.jiliberto@gmail.com,+56 2 2927 5588,Avda. Larrain 9975,Santiago,1,Región Metropolitana,14,8,1
Centro Tecnológico de Hidrología Ambiental,CTHA,Universidad de Talca,174,Centro Tecnológico del Agua y del Medioamibiente,Red,1,Laboratorio de computación,2,Monitoreo,1,Experimentación,10,Simulación,4,--,#N/A,http://ctha.utalca.cl/simulador.html,Romina Mendoza ,Investigador,rmendoza@utalca.cl,+56 71 220 0370,Avda. Lircay s/n,Talca,5,Maule ,7,7,1
Centro Tecnológico de Hidrología Ambiental,CTHA,Universidad de Talca,174,Laboratorio de Hidrología,Laboratorio,2,--,#N/A,Análisis,2,Experimentación,10,--,#N/A,--,#N/A,http://ctha.utalca.cl/simulador.html,Romina Mendoza ,Investigador,rmendoza@utalca.cl,+56 71 220 0370,Avda. Lircay s/n,Talca,5,Maule ,7,7,1
Comisión Chilena de Enegía Nuclear,CCHEN,Ministerio de Energía,562,Laboratorio de Isótopos Ambientales,Laboratorio,2,--,#N/A,Análisis,2,Monitoreo,1,--,#N/A,--,#N/A,http://www.cchen.cl/index.php?option=com_content&view=article&id=709:isotopos-ambientales&catid=256&Itemid=153,Evelyn Aguirre  ,Jefe de Laboratorio, eaguirre@cchen.cl ,+56 22 364 6113,Nueva Bilbao 12501,Santiago,1,Región Metropolitana,14,5,1
Comisión Chilena de Enegía Nuclear,CCHEN,Ministerio de Energía,562,Laboratorio de química,Laboratorio,2,--,#N/A,Análisis,2,Monitoreo,1,--,#N/A,--,#N/A,--,Mauricio Escudero,Jefe de Laboratorio,mescudero@cchen.cl,--,--,--,#N/A,--,#N/A,8,2
Compañia de Salitre y Yodo de Chile ,COSAYACH,Compañia de Salitre y Yodo de Chile ,COSAYACH,Unidad de Estaciones de Monitoreo,Red,1,--,#N/A,Monitoreo,1,--,#N/A,--,#N/A,--,#N/A,--,--,--,--,--,--,--,#N/A,Tarapacá,1,2,2
Compañia Minera Cerro Colorado,CMCC,BHP Billiton,556,Unidad de Estaciones de Monitoreo,Red,1,--,#N/A,Monitoreo,1,--,#N/A,--,#N/A,--,#N/A,--,--,--,--,--,--,--,#N/A,Tarapacá,1,5,2
Compañia Minera Doña Inés de Collahuasi,SCM,Anglo American Chile,521,Unidad de Estaciones de Monitoreo,Red,1,--,#N/A,Monitoreo,1,--,#N/A,--,#N/A,--,#N/A,--,--,--,--,--,--,--,#N/A,Tarapacá,1,5,2
Compañia Minera Teck Quebrada Blanca,CMQB,Teck Chile,567,Unidad de Estaciones de Monitoreo,Red,1,--,#N/A,Monitoreo,1,--,#N/A,--,#N/A,--,#N/A,http://www.teckchile.com/Generic.aspx?portalName=tc&PAGE=Teck+Chile+Site%2fQuebrada+Blanca,--,--,--,--,--,--,#N/A,--,#N/A,4,2
"Departamento de Agricultura del Desierto y Biotecnología, Universidad Arturo Prat",DADB,Universidad Arturo Prat,93,Unidad de Estaciones de Monitoreo,Red,1,--,#N/A,Monitoreo,1,--,#N/A,--,#N/A,--,#N/A,http://prat.unap.cl/agrodes/,José Delatorre Herrera,Director,jose.delatorre@unap.cl,+56 57 839 4506,Avda. Arturo Prat 2120,Iquique,12,Tarapacá,1,3,2
"Departamento de Ciencias Ecológicas, Universidad de Chile",DCE,Universidad de Chile,125,Laboratorio de Limnología,Estación,5,Laboratorio,1,Monitoreo,1,Análisis,2,Experimentación,10,Control de Calidad,12,http://www.ciencias.uchile.cl/limnologia/81EC8F81-D292-44D1-BE72-8D1457298C08/Bienvenida.html,Irma Vila Pinto,Jefe de Laboratorio,limnolog@uchile.cl,+56 2 2978 7314 ,Las Palmeras 3425,Santiago,1,Región Metropolitana,14,11,1
"Departamento de Geofísica, Universidad de Chile",DGF,Universidad de Chile,125,Laboratorio de Electrónica e Instrumental Sismológico (LABES-DGF),Laboratorio,2,--,#N/A,Modelación,3,--,#N/A,--,#N/A,--,#N/A,http://ingenieria.uchile.cl/investigacion/presentacion/laboratorios/departamento-de-geofisica/91297/laboratorio-de-electronica-e-instrumental-sismologico-labes-dgf,Jaime Campos,Académico Responsable,Jaime@dgf.uchile.cl,+56 22 978 4306,Avda. Blanco Encalada 2002,Santiago,1,Región Metropolitana,14,6,2
"Departamento de Geofísica, Universidad de Chile",DGF,Universidad de Chile,125,Laboratorio de Meteorología (LM-DGF),Laboratorio,2,--,#N/A,Monitoreo,1,Modelación,3,--,#N/A,--,#N/A,http://ingenieria.uchile.cl/investigacion/presentacion/laboratorios/departamento-de-geofisica/91297/laboratorio-de-electronica-e-instrumental-sismologico-labes-dgf,Jaime Campos,Académico Responsable,Jaime@dgf.uchile.cl,+56 22 978 4306,Avda. Blanco Encalada 2002,Santiago,1,Región Metropolitana,14,3,2
"Departamento de Geofísica, Universidad de Chile",DGF,Universidad de Chile,125,Núcleo de Geofísica Aplicada (NGA),Laboratorio,2,--,#N/A,Monitoreo,1,Modelación,3,--,#N/A,--,#N/A,http://dgf.uchile.cl/nga/,Emilio Vera,Director Científico,evera@dgf.uchile.cl,+56 22 978 4565,Avda. Blanco Encalada 2002,Santiago,1,Región Metropolitana,14,4,1
"Departamento de Geología, Universidad de Chile",GEOCH,Universidad de Chile,125,Laboratorio de Geoquímica,Laboratorio,2,--,#N/A,Análisis,2,Modelación matemática,15,--,#N/A,--,#N/A,http://www.geologia.uchile.cl/geoquimica,Samuel Lepe,Encargado Químico,slepe@ing.uchile.cl,+56 2 2978 4121,Plaza Ercilla 803,Santiago,1,Región Metropolitana,14,3,1
"Departamento de Geología, Universidad de Chile",GEOCH,Universidad de Chile,125,Laboratorio de Microscopia y Microanálisis electrónico,Laboratorio,2,--,#N/A,Análisis,2,Modelación matemática,15,--,#N/A,--,#N/A,http://ingenieria.uchile.cl/investigacion/presentacion/laboratorios/departamento-de-geologia/86623/laboratorio-de-microscopia-electronica-y-microanalisis,Diego Morata,Académico Responsable,dmorata@cec.uchile.cl,+56 2 2978 4239,Plaza Ercilla 803,Santiago,1,Región Metropolitana,14,1,1
"Departamento de Geología, Universidad de Chile",GEOCH,Universidad de Chile,125,Laboratorio de Espectrometría de Fluorescencia de Rayos-X,Laboratorio,2,--,#N/A,Análisis,2,Modelación matemática,15,--,#N/A,--,#N/A,http://www.geologia.uchile.cl/laboratorio-de-espectrometria-de-fluorescencia-de-rayos-x-edx-xrf,Diego Morata,Académico Responsable,dmorata@cec.uchile.cl,+56 2 2978 4539,Plaza Ercilla 803,Santiago,1,Región Metropolitana,14,1,1
"Departamento de Geología, Universidad de Chile",GEOCH,Universidad de Chile,125,Laboratorio de Estudios Mineralógicos,Laboratorio,2,--,#N/A,Análisis,2,Modelación matemática,15,--,#N/A,--,#N/A,http://www.geologia.uchile.cl/laboratorio-de-estudios-mineralogicos,Diego Morata,Académico Responsable,dmorata@cec.uchile.cl,+56 2 2978 4539,Plaza Ercilla 803,Santiago,1,Región Metropolitana,14,1,1
"Departamento de Gestión Forestal Ambiental, Universidad de Talca",DGF-UTALCA,Universidad de Talca,174,Laboratorio de Forestal,Sistema de información,8,--,#N/A,Modelación,3,--,#N/A,--,#N/A,--,#N/A,http://www.cienciasforestales.cl/forestales/html/departamentos/cmena.php,Carlos Mena,Director,cmena@utalca.cl,+56 71 220 0442,Avda. Lircay s/n,Talca,5,Maule ,7,1,2
"Departamento de Ingeniería Civil, Universidad de Chile",DIC,Universidad de Chile,125,Laboratorio de Hidrogeología,Colección de instrumentos,10,--,#N/A,Análisis,2,Observación,16,--,#N/A,--,#N/A,http://mct.dgf.uchile.cl/LABORATORIOS/lab_hidrogeologia.html,James McPhee,Profesor asociado,jmcphee@ing.uchile.cl,+56 2 2978 4397,Blanco Encalada 2002,Santiago,1,Región Metropolitana,14,3,1
"Departamento de Ingeniería Civil, Universidad de Chile",DIC,Universidad de Chile,125,Grupo de Hidrología de Montaña,Colección de instrumentos,10,--,#N/A,Análisis,2,Observación,16,--,#N/A,--,#N/A,--,James McPhee,Profesor asociado,jmcphee@ing.uchile.cl,+56 2 2978 4397,Blanco Encalada 2002,Santiago,1,Región Metropolitana,14,5,1
"Departamento de Ingeniería Civil, Universidad de Chile",DIC,Universidad de Chile,125,Laboratorio de Hidráulica Francisco Javier Domínguez,Laboratorio,2,--,#N/A,Análisis,2,--,#N/A,--,#N/A,--,#N/A,http://www.ingcivil.uchile.cl/recursos-hidricos-y-medio-ambiente/95977/laboratorios,Aldo Tamburrino,Encargado de Laboratotio,atamburr@ing.uchile.cl,+56 2 2978 4654 ,Avda. Blanco Encalada 2002,Santiago,1,Región Metropolitana,14,5,2
"Departamento de Ingeniería Civil, Universidad de Chile",DIC,Universidad de Chile,125,Laboratorio de Calidad de Aguas Gabriela Castillo,Laboratorio,2,--,#N/A,Análisis,2,--,#N/A,--,#N/A,--,#N/A,http://www.ingcivil.uchile.cl/recursos-hidricos-y-medio-ambiente/95977/laboratorios,Katherine Lizama,Encargada de Laboratotio,klizama@ing.uchile.cl,+56 2 2978 4390,Avda. Blanco Encalada 2002,Santiago,1,Región Metropolitana,14,5,1
"Departamento de Ingeniería Geográfica, Universidad de Santiago de Chile",DIGEO,Universidad de Santiago de Chile,170,Laboratorio de Meteorología,Estación,5,--,#N/A,Monitoreo,1,--,#N/A,--,#N/A,--,#N/A,http://www.digeo.usach.cl/laboratorio-de-meteorologia,Alvaro Mauro,Profesor responsable,alvaro.mauro@usach.cl,+56 2 2718 2230,"Enrique Kirberg Baltiansky nº 03, Estación Central",Santiago,1,Región Metropolitana,14,1,1
"Departamento de Ingeniería Geográfica, Universidad de Santiago de Chile",DIGEO,Universidad de Santiago de Chile,170,Laboratorio de Química Ambiental,Laboratorio,2,--,#N/A,Análisis,2,--,#N/A,--,#N/A,--,#N/A,http://www.digeo.usach.cl/laboratorio-de-quimica-ambiental,Jaime Pizarro,Profesor responsable,jaime.pizarro@usach.cl,+56 2 2718 2226,"Enrique Kirberg Baltiansky nº 03, Estación Central",Santiago,1,Región Metropolitana,14,1,1
"Departamento de Ingeniería Geográfica, Universidad de Santiago de Chile",DIGEO,Universidad de Santiago de Chile,170,Laboratorio de Bioprocesos Ambientales,Laboratorio,2,--,#N/A,Análisis,2,--,#N/A,--,#N/A,--,#N/A,http://www.digeo.usach.cl/laboratorio-de-bioprocesos-ambientales,Fernando Corvalan,Profesor responsable,fernando.corvalan@usach.cl,+56 2 2718 2225,"Enrique Kirberg Baltiansky nº 03, Estación Central",Santiago,1,Región Metropolitana,14,2,1
"Departamento de Ingeniería Hidráulica y Ambiental, Pontificia Universidad Católica de Chile",DIHA,Pontificia Universidad Católica de Chile,67,Laboratorio de Hidráulica,Laboratorio,2,--,#N/A,Monitoreo,1,Análisis,2,Experimentación,10,Simulación,4,http://www.ing.uc.cl/hidraulica-y-ambiental/instalaciones/laboratorio-hidraulica,Gustavo Jeria ,Jefe de Proyecto y Gestión,gajeria@ing.puc.cl,+56 2 2354 4295,Avda. Vicuña Mackenna 4860,Santiago,1,Región Metropolitana,14,8,1
"Departamento de Ingeniería Hidráulica y Ambiental, Pontificia Universidad Católica de Chile",DIHA,Pontificia Universidad Católica de Chile,67,Laboratorio de Modelos Hidráulicos,Laboratorio,2,--,#N/A,Modelación física,9,--,#N/A,--,#N/A,--,#N/A,http://www.ing.uc.cl/hidraulica-y-ambiental/instalaciones/laboratorio-de-fluidos,--,--,--,--,Avda. Vicuña Mackenna 4860,Santiago,1,Región Metropolitana,14,2,1
"Departamento de Ingeniería Hidráulica y Ambiental, Pontificia Universidad Católica de Chile",DIHA,Pontificia Universidad Católica de Chile,67,Laboratorio de Evaluación y Control de la Calidad del Agua,Estación,5,Laboratorio,1,Monitoreo,1,Análisis,2,Experimentación,10,Simulación,4,http://www.ing.uc.cl/hidraulica-y-ambiental/instalaciones/laboratorio-de-hidrologia,Gustavo Jeria ,"Jefe de Proyecto y Gestión
",gajeria@ing.puc.cl,+56 2 2354 4295,Avda. Vicuña Mackenna 4860,Santiago,1,Región Metropolitana,14,5,1
"Departamento de Ingeniería Mecánica, Universidad Técnica Federido Santa María",MEC-UTFSM,Universidad Técnica Federico Santa María,240,Unidad de Estaciones Meteorológicas,Estación,5,--,#N/A,Monitoreo,1,--,#N/A,--,#N/A,--,#N/A,--,--,--,--,--,--,--,#N/A,--,#N/A,1,2
"Departamento de Meteorología, Universidad de Valparaíso",METEOVAL,Universidad de Valparaíso,179,Unidad de Estaciones Meteorológicas,Estación,5,--,#N/A,Monitoreo,1,--,#N/A,--,#N/A,--,#N/A,--,--,--,--,--,--,--,#N/A,--,#N/A,1,2
DICTUC,DICTUC,Pontificia Universidad Católica de Chile,67,Laboratorio de Aguas y Riles,Laboratorio,2,--,#N/A,Análisis,2,Control de Calidad,12,--,#N/A,--,#N/A,http://www.dictuc.cl/aguasyriles,Victoria Leighton,Gerente de Laboratorio,  labocal@dictuc.cl,+56 2 2354 4171,Avda. Vicuña Mackenna 4860,Santiago,1,Región Metropolitana,14,10,1
Dirección de Obras Hidráulicas,DOH,Ministerio de Obras Públicas,304,Unidad de Estaciones Meteorológicas,Red,1,--,#N/A,Monitoreo,1,--,#N/A,--,#N/A,--,#N/A,http://www.mop.cl/Direccionesyareas/DirecciondeObrasHidraulicas/Paginas/default.aspx,Reinaldo Fuentealba Sanhueza,Director,--,+56 2 2449 4351,"Morandé 59, 5to Piso, Oficina 526 ",Santiago,1,Región Metropolitana,14,1,2
Dirección de Programas Antárticos y Subantárticos,DPA,Universidad de Magallanes,153,Centro Austral Aplicado a Teledetección (CAAT),Laboratorio,2,--,#N/A,Monitoreo,1,--,#N/A,--,#N/A,--,#N/A,http://www.umag.cl/investigacion/dpa/?page_id=929,--,--,--,--,--,--,#N/A,--,#N/A,4,2
Dirección General de Aguas,DGA,Ministerio de Obras Públicas,304,Red Hidrométrica Nacional,Red,1,Sistema de información,3,Monitoreo,1,--,#N/A,--,#N/A,--,#N/A,http://www.arcgis.com/apps/OnePane/basicviewer/index.html?appid=d508beb3a88f43d28c17a8ec9fac5ef0,--,--,--,--,--,--,#N/A,--,#N/A,10,2
Dirección Meteorológica de Chile ,DMC,Dirección General de Aeronáutica Civil,560,Red Meteorológica,Red,1,--,#N/A,Monitoreo,1,--,#N/A,--,#N/A,--,#N/A,http://www.meteochile.cl,Horacio Peña Reyes,Jefe Sección Instalaciones Meteorológicas,--,--,--,--,#N/A,--,#N/A,2,2
Empresa Portuaria Austral,EPA,Empresa Portuaria Austral,EPA,Unidad de Estaciones Meteorológicas,Estación,5,--,#N/A,Monitoreo,1,--,#N/A,--,#N/A,--,#N/A,--,--,--,--,--,--,--,#N/A,--,#N/A,1,2
"Facultad de Ciencias de la Ingeniería, Universidad Austral de Chile",FCI,Universidad Austral de Chile,94,Estación Meteorológica UACH,Estación,5,--,#N/A,Monitoreo,1,--,#N/A,--,#N/A,--,#N/A,http://ingenieria.uach.cl/index.php/servicios/servicios-externos/estacion-metereologica-uach,--,--,--,--,--,--,#N/A,--,#N/A,1,2
"Facultad de Ciencias Forestales y de la Conservación de la Naturaleza, Universidad de Chile",CFCN,Universidad de Chile,125,Laboratorio de Hidronomía,Estación,5,--,#N/A,Monitoreo,1,Análisis,2,Observación,16,--,#N/A,http://www.forestal.uchile.cl/investigacion/laboratorios/100962/laboratorio-de-hidronomia,Matilde López ,Docente Asociada,mlopezm.uchile@gmail.com,+56 2 2978 5861,Avda. Santa Rosa 11315,Santiago,1,Región Metropolitana,14,2,1
"Facultad de Ciencias, Universidad Católica del Norte",UCN,Universidad Católica del Norte,107,Estación Meteorológica,Estación,5,--,#N/A,Monitoreo,1,Observación,16,--,#N/A,--,#N/A,http://www.meteorologia.ucn.cl/,Sergio Curilef,"Director Programa Magíster en Ciencias, con Mención en Física",scurilef@ucn.cl,+56 55 235 5520,Avda. Angamos 610,Antofagasta,10,Antofagasta,2,1,2
"Facultad de Humanidades, Universidada de Playa Ancha",CSCPA,Universidad de Playa Ancha,165,Estación Meteorológica UPLA,Estación,5,--,#N/A,Monitoreo,1,--,#N/A,--,#N/A,--,#N/A,--,--,--,--,--,--,--,#N/A,--,#N/A,1,2
Facultad de Ingeniería y Ciencias Geológicas,UCN,Universidad Católica del Norte,107,Laboratorio de Geoquímica Aplicada,Laboratorio,2,--,#N/A,Análisis,2,--,#N/A,--,#N/A,--,#N/A,http://www.geologiaucn.cl/09---laboratorios/laboratorio-de-geoquimica-aplicada,Nelson Guerra,Académico Responsable,nguerra@ucn.cl,+56 55 235 5335,Avda. Angamos 610,Antofagasta,10,Antofagasta,2,2,2
"Facultad de Química, Pontificia Universidad Católica de Chile",QUIMUC,Pontificia Universidad Católica de Chile,67,Unidad Central de Instrumentación,Laboratorio,2,--,#N/A,Análisis,2,Experimentación,10,--,#N/A,--,#N/A,http://quimica.uc.cl/es/main/news/187,Claudio López,Encargado,crlopez@uc.cl,+56 2 2354 1670,Av. Vicuña Mackenna 4860,Santiago,1,Región Metropolitana,14,4,1
GeoDatos,GEOD,GeoDatos,GEOD,Equipamiento de GeoDatos,Laboratorio,2,--,#N/A,Modelación,3,--,#N/A,--,#N/A,--,#N/A,--,--,--,--,--,--,--,#N/A,--,#N/A,6,2
Grupo de Estudios del Agua,GEA,Universidad de Chile,125,Estaciones Meteorológicas,Red,1,--,#N/A,Monitoreo,1,Observación,16,--,#N/A,--,#N/A,http://www.gea.uchile.cl/,Marcela Benavente,Encargada,mbenavente@u.uchile.cl,+56 2 2978 5745,Santa Rosa 11315,Santiago,1,Región Metropolitana,14,1,2
Grupo Investigación Procesos Ecosistémicos,GIPE,Universidad de Chile,125,Laboratorio de Ecología de Ecosistemas,Laboratorio,2,Laboratorio de computación,2,Experimentación,10,Modelación mecanística,18,Modelación empírica,20,--,#N/A,http://www.gipe.uchile.cl/recursos.html,Jorge Pérez,Investigador, jorgepq@uchile.cl,+56 2 2978 5840,Santa Rosa 11315,Santiago,1,Región Metropolitana,14,4,1
Grupo Investigación Procesos Ecosistémicos,GIPE,Universidad de Chile,125,Laboratorio de Ecología de Suelos,Laboratorio,2,--,#N/A,Análisis,2,Experimentación,10,--,#N/A,--,#N/A,http://www.gipe.uchile.cl/recursos.html,Juan Pablo Fuentes,Investigador,jfuente@uchile.cl,+56 2 2978 5941,Santa Rosa 11315,Santiago,1,Región Metropolitana,14,10,1
Haldeman Mining Company ,HMC,Haldeman Mining Company ,HMC,Unidad de Estaciones de Monitoreo,Laboratorio,2,--,#N/A,Monitoreo,1,--,#N/A,--,#N/A,--,#N/A,--,--,--,--,--,--,--,#N/A,Tarapacá,1,2,2
Instituto de Agroindustria,IAI-UFRO,Universidad de La Frontera,146,Laboratorio de Ensayos Ambientales,Laboratorio,2,--,#N/A,Análisis,2,Experimentación,10,Control de Calidad,12,--,#N/A,http://agroindustria.ufro.cl/index.php/servicios-de-laboratorio,María Cristina Diez Jerez,Investigador,cristina.diez@ufrontera.cl,+56 45 232 5476,Avda. Francisco Salazar 1145,Temuco,13,La Araucanía,9,9,1
Instituto de Agroindustria,IAI-UFRO,Universidad de La Frontera,146,Laboratorio de Microbiología y de Alimentos y Aguas,Laboratorio,2,--,#N/A,Análisis,2,Control de Calidad,12,--,#N/A,--,#N/A,http://agroindustria.ufro.cl/,Luis Torralbo Barría,Director,luis.torralbo@ufrontera.cl,+56 45 232 5052,Avda. Francisco Salazar 1145,Temuco,13,La Araucanía,9,3,1
Instituto de Ciencias Marinas y Limnológicas,ICML,Universidad Austral de Chile,94,Laboratorio de Análisis de Aguas (Limnolab),Laboratorio,2,--,#N/A,Análisis,2,Experimentación,10,--,#N/A,--,#N/A,http://www.icml.uach.cl/infraestructura/laboratorio-de-analisis-de-aguas.php,Stefan Woelfl,Docente Asociado,swoelfl@uach.cl,+56 63 229 3183; +56 63 222 1316,"Independencia 641, Edificio Emilio Pugín, Campus Isla Teja",Valdivia,17,Los Ríos,10,1,2
Instituto de Ciencias Marinas y Limnológicas,ICML,Universidad Austral de Chile,94,Laboratorio Bioensayos y Limnología Aplicada,Laboratorio,2,--,#N/A,Análisis,2,Experimentación,10,--,#N/A,--,#N/A,--,--,--,--,--,--,--,#N/A,--,#N/A,1,2
"Instituto de Conservación, Biodiversidad y Territorio",ICBTe,Universidad Austral de Chile,94,Laboratorio de Hidromorfología,Estación,5,--,#N/A,Monitoreo,1,Análisis,2,--,#N/A,--,#N/A,http://www.forestal.uach.cl/instituto/conservacion-biodiversidad-territorio/laboratorios.php,Andrés Iroumé,Encargado de Laboratorio,airoume@uach.cl,+56 63 229 3003,Campus Isla Teja 1416,Valdivia,17,Los Ríos,10,6,1
"Instituto de Conservación, Biodiversidad y Territorio",ICBTe,Universidad Austral de Chile,94,Laboratorio de Morfología de Ríos,Laboratorio,2,--,#N/A,Monitoreo,1,Análisis,2,--,#N/A,--,#N/A,http://www.forestal.uach.cl/instituto/conservacion-biodiversidad-territorio/laboratorios.php,Andrés Iroumé,Encargado de Laboratorio,airoume@uach.cl,+56 63 229 3003,Campus Isla Teja 1416,Valdivia,17,Los Ríos,10,7,1
Instituto de Ecología y Biodiversidad,IEB,Universidad de Chile,125,Unidad de Estaciones de Monitoreo,Red,1,--,#N/A,Monitoreo,1,--,#N/A,--,#N/A,--,#N/A,--,Mary Kalin Arroyo,Investigador principal,southern@uchile.cl,+56 2 2978 7345,Las Palmeras 3425,Santiago,1,Región Metropolitana,14,2,2
"Instituto de Geografía, Pontificia Universidad Católica de Valparaíso",GEOUC,Universidad Católica de Valparaíso,105,Unidad de Estaciones Meteorológicas,Estación,5,--,#N/A,Monitoreo,1,--,#N/A,--,#N/A,--,#N/A,--,--,--,--,--,--,--,#N/A,--,#N/A,1,2
Instituto de Investigaciones Agropecuarias,INIA,Ministerio de Agricultura,483,Agromet (red agrometeorológica de INIA),Estación,5,--,#N/A,Monitoreo,1,Observación,16,--,#N/A,--,#N/A,http://agromet.inia.cl/index.php,Rodrigo Bravo ,Investigador INIA Remehue,rbravo@inia.cl,+56 64 233 4851,"Ruta 5, KM 8 Norte, INIA CRI Remehue",Osorno,11,Los Lagos,11,5,1
"Instituto de Química, Pontificia Universidad Católica de Valparaíso",IGEOUC,Universidad Católica de Valparaíso,105,Laboratorio de Servicios Analíticos,Laboratorio,2,--,#N/A,Análisis,2,--,#N/A,--,#N/A,--,#N/A,http://www.lsa.ucv.cl,Marcos Perez,Jefe de laboratorio,lsa.quimica@ucv.cl ,+56 32 227 4912,"Av. Universidad 330, Placilla",Valparaíso,6,Valparaíso,5,5,2
Laboratorio de Análisis Territorial,LAT,Universidad de Chile,125,Equipamiento LAT,Red,1,Laboratorio de computación,2,Monitoreo,1,Simulación,4,--,#N/A,--,#N/A,http://www.lat.uchile.cl/,Rodrigo Fúster,Académico,rfuster@uchile.cl,+56 2 2978 5863,Santa Rosa 11315,Santiago,1,Región Metropolitana,14,7,1
Laboratorio de Dendrocronología & Cambio Global,DENDRO,Universidad Austral de Chile,94,Equipamiento del Laboratorio de Dendrocronología & Cambio Global,Laboratorio,2,--,#N/A,Monitoreo,1,--,#N/A,--,#N/A,--,#N/A,--,--,--,--,--,--,--,#N/A,--,#N/A,1,2
Laboratorio de Prospección y Monitoreo de Recursos Agrícolas y Ambientales,PROMMRA,Universidad de La Serena,148,Red de estaciones fluviométricas SIMCA Elqui,Red,1,--,#N/A,Monitoreo,1,--,#N/A,--,#N/A,--,#N/A,http://www.prommra.cl/,Pablo Álvarez Latorre,Director,pabloa@userena.cl,+56 51 255 4907,Av. La Paz 1108,Ovalle,8,Coquimbo,4,1,1
Laboratorio de Prospección y Monitoreo de Recursos Agrícolas y Ambientales,PROMMRA,Universidad de La Serena,148,Laboratorio de Hidrometría,Laboratorio,2,--,#N/A,Análisis,2,--,#N/A,--,#N/A,--,#N/A,http://www.prommra.cl/,Pablo Álvarez Latorre,Director,pabloa@userena.cl,+56 51 255 4907,Av. La Paz 1108,Ovalle,8,Coquimbo,4,4,1
Laboratorio de Prospección y Monitoreo de Recursos Agrícolas y Ambientales,PROMMRA,Universidad de La Serena,148,Laboratorio de Modelación WEAP,Laboratorio de computación,3,--,#N/A,Simulación,4,--,#N/A,--,#N/A,--,#N/A,http://www.prommra.cl/,Pablo Álvarez Latorre,Director,pabloa@userena.cl,+56 51 255 4907,Av. La Paz 1108,Ovalle,8,Coquimbo,4,4,1
Laboratorio de Prospección y Monitoreo de Recursos Agrícolas y Ambientales,PROMMRA,Universidad de La Serena,148,Plataforma Pronóstico Caudales y SIMCA Elqui,Sistema de información,8,--,#N/A,Visualización,11,--,#N/A,--,#N/A,--,#N/A,http://www.prommra.cl/,Pablo Álvarez Latorre,Director,pabloa@userena.cl,+56 51 255 4907,Av. La Paz 1108,Ovalle,8,Coquimbo,4,2,1
Laboratorio para el Análisis de la Biósfera,LAB,Universidad de Chile,125,Equipamiento LAB,Estación,5,Laboratorio de computación,2,Monitoreo,1,Observación,16,Cálculo,7,Simulación,4,http://www.biosfera.uchile.cl/,Cristian Mattar,Director,cmattar@uchile.cl,+56 2 2978 5863 ,Avda. Santa Rosa 11315,Santiago,1,Región Metropolitana,14,3,1
Minera Los Pelambres,MLP,Antofagasta Minerals,554,Unidad de Estaciones de Monitoreo,Estación,5,--,#N/A,Monitoreo,1,--,#N/A,--,#N/A,--,#N/A,--,--,--,--,--,--,--,#N/A,Tarapacá,1,1,2
Núcleo de Investigación en Riesgos Naturales y Antropogénicos,RiNA,Universidad Austral de Chile,94,Laboratorio de Geofísica Aplicada,Laboratorio,2,--,#N/A,Análisis,2,Experimentación,10,Modelación física,9,--,#N/A,http://www.rina.cl/,Galo Valdevenito,Representante Consejo Directivo,gvaldebe@uach.cl,+56 9 9322 5776,"Independencia 641, Edificio Emilio Pugín, Campus Isla Teja",Valdivia,17,Los Ríos,10,5,1
Programa Sur-Austral,COPAS,Universidad de Concepción,127,Infraestructura COPAS,Estación,5,Laboratorio,1,Monitoreo,1,Análisis,2,Experimentación,10,Modelación física,9,http://www.sur-austral.cl/,Silvio Pantoja Gutiérrez,Investigador,spantoja@udec.cl,+56 41 220 7251,"Departamento de Oceanografía, Piso 2, Barrio Universitario s/n, Universidad de Concepción",Concepción,7,Bío Bío,8,10,1
Red Meteorológica de Vinos de Chile A.G.,METEOVID,Consorcio I+D Vinos de Chile S.A.,559,Red Meteovid,Red,1,--,#N/A,Monitoreo,1,Observación,16,--,#N/A,--,#N/A,http://www.meteovid.cl/,Paulina Flores,Jefe de proyectos,consorcio@vinosdechile.cl,+56 2 22180 0600,Av. Luis Pasteur 5280,Santiago,1,Región Metropolitana,14,1,2
Registro de Emisiones y Transferencias de Contaminantes,RETC,Ministerio del Medio Ambiente,571,Registro de Emisiones y Transferencias de Contaminantes,Sistema de información,8,Laboratorio de computación,2,Cálculo,7,--,#N/A,--,#N/A,--,#N/A,http://www.retc.cl/datos-retc/,--,--,--,--,San Martín 73,Santiago,1,Región Metropolitana,14,2,2
Servicio Hidrográfico y oceanográfico de la Armada,SHOA,Armada de Chile,555,Departamento de Oceanografía,Sistema de Información,8,--,#N/A,Monitoreo,1,--,#N/A,--,#N/A,--,#N/A,http://www.shoa.cl,Capitán Carlos Zúñiga,Director,--,+56 32 226 6701,"Errázuriz Echaurren 254, Playa Ancha",Valparaíso,6,Valparaíso,5,3,2
Servicio Meteorológico de la Armada de Chile,SERVIMET,Armada de Chile,555,Unidad de Estaciones Meteorológicas,Estación,5,--,#N/A,Monitoreo,1,--,#N/A,--,#N/A,--,#N/A,--,--,--,--,--,--,--,#N/A,--,#N/A,1,2
Servicio Nacional de Geología y Minería ,Sernageomin,Ministerio de Minería,563,Observatorio Volcanológico de Los Andes del Sur (OVDAS),Red,1,Sistema de información,3,Monitoreo,1,Vigilancia,17,Observación,16,--,#N/A,http://www.sernageomin.cl/volcan-observatorio.php,--,--,--,+56 45 227 0700,Rudecindo Ortega 3850,Temuco,13,La Araucanía,9,10,2
Servicio Nacional de Geología y Minería ,Sernageomin,Ministerio de Minería,563,Oficina Técnica de Cohyaque (OTC),Red,1,--,#N/A,Monitoreo,1,--,#N/A,--,#N/A,--,#N/A,--,--,--,--,--,--,--,#N/A,--,#N/A,3,2
Servicio Nacional de Geología y Minería ,Sernageomin,Ministerio de Minería,563,"Departamento de Geología Aplicada, Laboratorio de análisis químico",Laboratorio,2,Equipos portátiles,4,Análisis,2,--,#N/A,--,#N/A,--,#N/A,http://www.sernageomin.cl,Carolina Espinoza,Jefe Unidad Hidrogeología,carolina.espinoza@sernageomin.cl,+56 2 2482 5568,Avda. Santa María 0104,Santiago,1,Región Metropolitana,14,5,2
Sistema Nacional de Información Ambiental,SINIA,Ministerio del Medio Ambiente,571,Sistema Integrador de Información Ambiental (SIIA),Sistema de información,8,Laboratorio de computación,2,Cálculo,7,--,#N/A,--,#N/A,--,#N/A,http://siia.mma.gob.cl/mma-centralizador-publico/inicio.jsf,--,--,--,--,--,--,#N/A,--,#N/A,2,2
Sistema Nacional de Información Ambiental,SINIA,Ministerio del Medio Ambiente,571,Infraestructura de Datos Espaciales (IDE),Sistema de información,8,Laboratorio de computación,2,Cálculo,7,--,#N/A,--,#N/A,--,#N/A,http://www.ide.cl/,Álvaro Monett Hernández,Secretario Ejecutivo,amoneth@mbienes.cl,+56 2 2937 5804,San Martín 73,Santiago,1,Región Metropolitana,14,2,2
Sociedad Química Minera,SQM,Sociedad Química Minera,SQM,Unidad de Estaciones de Monitoreo,Red,1,--,#N/A,Monitoreo,1,--,#N/A,--,#N/A,--,#N/A,--,--,--,--,--,--,--,#N/A,--,#N/A,2,2
Terra Remote Sensing,TRS,Terra Remote Sensing Ltda.,568,Equipamiento de Terra Remote Sensing,Laboratorio,2,--,#N/A,Modelación,3,--,#N/A,--,#N/A,--,#N/A,--,--,--,--,--,--,--,#N/A,--,#N/A,1,2