id,Año,región,region_rec,Línea presupuestaria,Tipo de Entidad receptora,Tipo de institución,Nombre entidad receptora (ejecutora),id_instituciones,Ejecución (miles de $ de cada año),RH
5,2009,Coquimbo,4, Centro de Estudios en Derecho de Recursos Naturales (CEDRENA) 2009-2010.,UNIVERSIDAD,Institución de Educación superior,Universidad Católica del Norte,107,10000,si
6,2010,Coquimbo,4, Centro de Estudios en Derecho de Recursos Naturales (CEDRENA) 2009-2010.,UNIVERSIDAD,Institución de Educación superior,Universidad Católica del Norte,107,10000,si
33,2013,Antofagasta,2,101 U.C.N-Tran.prom. y dif.del uso de ERNC y diver.de la matriz hídrica de la Reg.(30134233-0),UNIVERSIDAD,Institución de Educación superior,Universidad Católica del Norte,107,151473,si
42,2013,Tarapacá,1,101 U.Santo Tomás-Transf.Prog.Puesta valor turismo termal comunidades indigenas territorio andino,UNIVERSIDAD,Institución de Educación superior,Universidad Santo Tomás,232,83076,si
43,2013,Coquimbo,4,102 CORP.REG.DESARR. PRODUC-Estudio instalac. planta desaladora vs  reutilización H20 depuradas,CORPORACIÓN ,ONG / Fundación,Corporación Regional de Desarrollo Productivo de Coquimbo (CRDP),70990,21000,si
48,2013,Valparaíso,5,102 FUNDACIÓN CHILE - Transferencia  Tecnología nanofiltración con energía solar Isla de Pascua.,CENTRO I+D,ONG / Fundación,Fundación Chile,509,30237,si
70,2013,Coquimbo,4,"103 CORP. REG. DESARR. PRODUC-Estudio modelos gestión recursos hídricos de Elqui, Limarí y Choapa",CORPORACIÓN ,ONG / Fundación,Corporación Regional de Desarrollo Productivo de Coquimbo (CRDP),70990,18000,si
95,2013,Antofagasta,2,105 U.A-Mod.energ.de bate.de litio y paneles fotovol.para ener.eléc.en purifi.de agua 30134523-0,UNIVERSIDAD,Institución de Educación superior,Universidad de Antofagasta,116,124050,si
110,2013,Aysén,12,106 CIEP ¿ Transferencia modelización computacional para recursos hídricos (30137300-0),CENTRO I+D,Centro de Investigación Privado,Centro de Investigación en Ecosistemas de la Patagonia:,71000,14905,si
125,2013,Antofagasta,2,107 U.C.N - Transferencia Sistema Autónomo Desalación HDH (30136774-0),UNIVERSIDAD,Institución de Educación superior,Universidad Católica del Norte,107,104000,si
127,2013,Valparaíso,5,108 INIA Transferencia Tecnologica Optimización Hidrica Producción de paltos (30155322),AGENCIA,Organismo público,Instituto de Investigaciones Agropecuarias (INIA),70989,28182,si
137,2009,Región Metropolitana,14,Transferencia Tecnológica y de Capacitación en Riego para Provincia de Melipilla y Talagante,AGENCIA,Organismo público,Instituto de Investigaciones Agropecuarias (INIA),70989,120731,si
190,2013,Tarapacá,1,108 Univ. De Chile-Transf. Mapa valor económico serv. Ecosistemáticos Tarapacá,UNIVERSIDAD,Institución de Educación superior,Universidad de Chile,125,129850,si
232,2013,Antofagasta,2,109 U.C.N - Transferencia Planta Modular y Móvil Tratamiento de Aguas Eléctricamente (30136777-0),UNIVERSIDAD,Institución de Educación superior,Universidad Católica del Norte,107,107361,si
258,2013,Coquimbo,4,116 INIA- Transferencia estudio sobre requerimientos hídricos míninos cultivo del nogal.,AGENCIA,Organismo público,Instituto de Investigaciones Agropecuarias (INIA),70989,35275,si
260,2013,Maule,7,201 INIA-Recuperación de caudales por estimulación mixta para precipitaciones,AGENCIA,Organismo público,Instituto de Investigaciones Agropecuarias (INIA),70989,49766,si
271,2013,Maule,7,216 UNIVERSIDAD CATOLICA DEL MAULE-Transferencia técnicas de riego a pequeña escala para productores,UNIVERSIDAD,Institución de Educación superior,Universidad Católica del Maule,106,24100,si
286,2013,Coquimbo,4,219 CENTRO AGUAS  ZONAS ÁRIDAS (CAZALAC) Transf. análisis solución energética sistemas APR  Región,CENTRO I+D,Organización Internacional,Centro del Agua para Zonas Áridas de América Latina y el Caribe (CAZALAC),70988,20000,si
288,2010,Magallanes,13,Estudio Piloto Retroceso Masas de Aguas Superficiales y Prospección Potencial Productivo Frutos Nativos Magallanes 2009-2010,AGENCIA,Organismo público,Instituto de Investigaciones Agropecuarias (INIA),70989,47000,si
375,2013,Magallanes,13,"228 CEQUA - Difusión la Ruta del Hielo, Turismo Historia Glacial",CENTRO I+D,Centro de Investigación Privado,Centro de Estudios del Cuaternario de Fuego-Patagonia y Antártica,70998,10074,si
381,2013,Magallanes,13,231 CEQUA - Control Magallanes Sin Didymo: Monitoreos de Ríos y Lagos,CENTRO I+D,Centro de Investigación Privado,Centro de Estudios del Cuaternario de Fuego-Patagonia y Antártica,70998,67747,si
411,2013,Magallanes,13,232 CEQUA - Difusión Cartografía Digital a Escala Local Parque T. del Paine,CENTRO I+D,Centro de Investigación Privado,Centro de Estudios del Cuaternario de Fuego-Patagonia y Antártica,70998,22628,si
417,2013,Tarapacá,1,234 U.ARTURO PRAT - Caracterización de monitoreo de  recursos hídricos de la Región,UNIVERSIDAD,Institución de Educación superior,Universidad Arturo Prat,93,112435,si
439,2013,Coquimbo,4,246 CENTRO DE ESTUDIOS AVANZADOS EN ZONAS ARIDAS (CEAZA)-Transferencia Red Meteorológica en la Regió,CENTRO I+D,Centro de Investigación Privado,Centro de Estudios Avanzados en Zonas Áridas,70997,96494,si
467,2013,Atacama,3,254 U. DE ANTOFAGASTA-Transferencia evaluación bioquímica de aguas en cuencas altoandinas,UNIVERSIDAD,Institución de Educación superior,Universidad de Antofagasta,116,73955,si
468,2013,Bernardo O´higgins,6,286 INIA-Capacit. Desarr. Técnic.Reciclaje  y Reutilización Aguas Lluvias Cosechadas Invernaderos.,AGENCIA,Organismo público,Instituto de Investigaciones Agropecuarias (INIA),70989,14814,si
474,2013,Arica y Parinacota,15,316 UTA-Transferencia Impl Planta Desalacion Termica Agua Salobres Taltape.,UNIVERSIDAD,Institución de Educación superior,Universidad de Tarapacá,311,44822,si
501,2013,Bernardo O´higgins,6,"318 INIA-Transferencia Mejoramiento Competitivo Maíz, Riego por Pulso.",AGENCIA,Organismo público,Instituto de Investigaciones Agropecuarias (INIA),70989,68858,si
513,2013,Arica y Parinacota,15,347 FUNDACION CHILE-Transferencia Desarr. Sist Portabiliz Agua Tec Membranas Camarones.,CENTRO I+D,ONG / Fundación,Fundación Chile,509,29974,si
516,2013,Aysén,12,860 UACH CIEP - Investigación Capital Humano CIEP Sistema Sistema Hídrico y Campos de Hielo,CENTRO I+D,Centro de Investigación Privado,Centro de Investigación en Ecosistemas de la Patagonia:,71000,20542,si
537,2013,Arica y Parinacota,15,902 CODECITE-Transferencia Integracion Sistema Recirculacion Acuaponico Arica y.,CENTRO I+D,Organismo público,CODECITE,71006,44931,si
550,2013,Arica y Parinacota,15,980 INIA-Prospección Mejoramiento Eficiencia Riego Olivos Azapa,AGENCIA,Organismo público,Instituto de Investigaciones Agropecuarias (INIA),70989,64557,si
598,2016,Bernardo O´higgins,6,Agrícola Centro de Evaluación Rosario Ltda. - Técnicas de Riego Deficitario Controlado en Kiwi (30419375-0),OTROS,Empresa,Agrícola Centro de Evaluación Rosario Ltda,71001,52043,si
601,2015,Bernardo O´higgins,6,Agrícola Centro de Evaluación Rosario Ltda. - Técnicas de Riego Deficitario Controlado en Kiwi (30419375-0)                                                                                                                                               ,CORPORACIÓN,Empresa,Agrícola Centro de Evaluación Rosario Ltda,71001,52043,si
618,2011,Arica y Parinacota,15,Prospección Mejoramiento Eficiencia Riego Olivos Azapa.(30110765-0),AGENCIA,Organismo público,Instituto de Investigaciones Agropecuarias (INIA),70989,64557,si
625,2011,Arica y Parinacota,15,Análisis Estudio para Eliminar Arsénico en Agua Potable(30110574-0),UNIVERSIDAD,Institución de Educación superior,Universidad de Tarapacá,311,41407,si
628,2012,Arica y Parinacota,15,Análisis Estudio para Eliminar Arsénico en Agua Potable(30110574-0),UNIVERSIDAD,Institución de Educación superior,Universidad de Tarapacá,311,41407,si
635,2011,Bernardo O´higgins,6,capacitación Desarrollo de Técnicas de Reciclaje y Reutilización de las Aguas Lluvias Cosechadas para el Cultivo en Invernaderos.,AGENCIA,Organismo público,Instituto de Investigaciones Agropecuarias (INIA),70989,46367,si
637,2012,Bernardo O´higgins,6,Capacitación Desarrollo de Técnicas de Reciclaje y Reutilización de las Aguas Lluvias Cosechadas para el Cultivo en Invernaderos.,AGENCIA,Organismo público,Instituto de Investigaciones Agropecuarias (INIA),70989,59258,si
667,2011,Arica y Parinacota,15,Capital Avanzado en Recursos Hídricos y ERNC.,UNIVERSIDAD,Institución de Educación superior,Universidad de Tarapacá,311,64630,si
672,2012,Tarapacá,1,Caracterización del monitereo de los recursos hídricos de la región,UNIVERSIDAD,Institución de Educación superior,Universidad Arturo Prat,93,86020,si
689,2016,Coquimbo,4,CENTRO DE AGUAS PARA ZONAS ARIDAS (CAZALAC)-Investigación producción acelerada de forraje con bajo consumo hídrico (30404025-0),OTROS,Organización Internacional,Centro del Agua para Zonas Áridas de América Latina y el Caribe (CAZALAC),70988,33697,si
692,2015,Coquimbo,4,CENTRO DE AGUAS PARA ZONAS ARIDAS (CAZALAC)-Investigación producción acelerada de forraje con bajo consumo hídrico (30404025-0)                                                                                                                           ,CENTRO I+D,Organización Internacional,Centro del Agua para Zonas Áridas de América Latina y el Caribe (CAZALAC),70988,67395,si
713,2016,Coquimbo,4,CENTRO DE ESTUDIOS AVANZADOS EN ZONAS ÁRIDAS (CEAZA) - Análisis monitoreo y modelación hidrológica cabeceras (30404077-0),CENTRO I+D,Centro de Investigación Privado,Centro de Estudios Avanzados en Zonas Áridas,70997,49769,si
721,2015,Coquimbo,4,CENTRO DE ESTUDIOS AVANZADOS EN ZONAS ÁRIDAS (CEAZA) - Análisis monitoreo y modelación hidrológica cabeceras (30404077-0)                                                                                                                                 ,CENTRO I+D,Centro de Investigación Privado,Centro de Estudios Avanzados en Zonas Áridas,70997,49769,si
724,2015,Coquimbo,4,CENTRO DE ESTUDIOS AVANZADOS EN ZONAS ÁRIDAS (CEAZA) - Investigación áreas potenciales e implementación de barreras de nieve (30403127-0)                                                                                                                 ,CENTRO I+D,Centro de Investigación Privado,Centro de Estudios Avanzados en Zonas Áridas,70997,55734,si
725,2015,Coquimbo,4,CENTRO DE ESTUDIOS AVANZADOS EN ZONAS ÁRIDAS (CEAZA) - Investigación método holístico de evaluación de caudal  ecológico (30404078-0)                                                                                                                     ,CENTRO I+D,Centro de Investigación Privado,Centro de Estudios Avanzados en Zonas Áridas,70997,33811,si
728,2016,Coquimbo,4,CENTRO DE ESTUDIOS AVANZADOS EN ZONAS ÁRIDAS (CEAZA) -Investigación áreas potenciales e implementación de barreras de nieve (30403127-0),CENTRO I+D,Centro de Investigación Privado,Centro de Estudios Avanzados en Zonas Áridas,70997,111468,si
733,2016,Coquimbo,4,CENTRPO DE ESTUDIOS AVANZADOS EN ZONAS ÁRIDAS (CEAZA) - Investigación método holístico de evaluación de caudal  ecológico (30404078-0),CENTRO I+D,Centro de Investigación Privado,Centro de Estudios Avanzados en Zonas Áridas,70997,67622,si
741,2014,Aysén,12,CIEP - Transferencia modelización computacional para recursos hídricos (30137300-0)                                                                                                                                                                       ,CENTRO I+D,Centro de Investigación Privado,Centro de Investigación en Ecosistemas de la Patagonia:,71000,44715,si
759,2014,Arica y Parinacota,15,CODECITE - Transferencia Integración Sistema Recirculación Acuapónico Arica y Parinacota                                                                                                                                                                  ,CENTRO I+D,Organismo público,CODECITE,71006,98850,si
761,2015,Arica y Parinacota,15,CODECITE - Transferencia Integración Sistema Recirculación Acuapónico Arica y Parinacota                                                                                                                                                                  ,CENTRO I+D,Organismo público,CODECITE,71006,35945,si
765,2011,Antofagasta,2,"Concesión Colorado (Caracterización y tratamiento de aguas residuales de la producción de Dorado Seriola Lalandi, como medida de minimización del impacto ambiental para una industria naciente en la macro zona norte.",UNIVERSIDAD,Institución de Educación superior,Universidad de Antofagasta,116,140000,si
783,2012,Magallanes,13,Control Magallanes Sin Didymo: Monitoreos de Ríos y Lagos. (30127729-0),CENTRO I+D,Centro de Investigación Privado,Centro de Estudios del Cuaternario de Fuego-Patagonia y Antártica,70998,34145,si
847,2014,Coquimbo,4,"CORPORACIÓN REGIONAL DE DESARROLLO PRODUCTIVO-Estudio de modelos de gestión integrada de recursos hídricos para las cuencas de las provincias de Elqui, Limarí y Choapa.                                                                                  ",CORPORACIÓN,ONG / Fundación,Corporación Regional de Desarrollo Productivo de Coquimbo (CRDP),70990,102000,si
858,2015,Coquimbo,4,CORPORACION REGIONAL DE DESARROLLO PRODUCTIVO-Investigación soluciones innovadoras para el abastecimiento de agua (30378476-0)                                                                                                                            ,CORPORACIÓN,ONG / Fundación,Corporación Regional de Desarrollo Productivo de Coquimbo (CRDP),70990,40000,si
861,2014,Coquimbo,4,CORPORACION REGIONAL DESARROLLO PRODUCTIVA-Transferencia estudio cosecha de aguas lluvias en áreas de secano (30350380-0)                                                                                                                                 ,CORPORACIÓN,ONG / Fundación,Corporación Regional de Desarrollo Productivo de Coquimbo (CRDP),70990,21125,si
862,2015,Coquimbo,4,CORPORACION REGIONAL DESARROLLO PRODUCTIVA-Transferencia estudio cosecha de aguas lluvias en áreas de secano (30350380-0)                                                                                                                                 ,CORPORACIÓN,ONG / Fundación,Corporación Regional de Desarrollo Productivo de Coquimbo (CRDP),70990,63375,si
898,2014,Coquimbo,4,CORPORACIÓN REGIONAL DESARROLLO PRODUCTIVO.Transferencia tecnológica y fomento productivo en eficiencia hídrica y ERNC                                                                                                                                    ,CORPORACIÓN,ONG / Fundación,Corporación Regional de Desarrollo Productivo de Coquimbo (CRDP),70990,45000,si
899,2016,Coquimbo,4,CORPORACIÓN REGIONAL DESARROLLO PRODUCTIVO-Análisis Instituto Regional para la Gestión de Recursos Hídricos (30378472-0),CORPORACIÓN ,ONG / Fundación,Corporación Regional de Desarrollo Productivo de Coquimbo (CRDP),70990,12500,si
917,2015,Coquimbo,4,CORPORACIÓN REGIONAL DESARROLLO PRODUCTIVO-Análisis Instituto Regional para la Gestión de Recursos Hídricos (30378472-0)                                                                                                                                  ,CORPORACIÓN,ONG / Fundación,Corporación Regional de Desarrollo Productivo de Coquimbo (CRDP),70990,37500,si
974,2016,Coquimbo,4,CORPORACIÓN REGIONAL DESARROLLO PRODUCTIVO-Análisis modelación de embalses de precordillera (30378479-0) ,CORPORACIÓN ,ONG / Fundación,Corporación Regional de Desarrollo Productivo de Coquimbo (CRDP),70990,50000,si
982,2016,Tarapacá,1,"Centro de Tecnología del Agua de Iquique (CENTA)-Programa de Innovación y Transferencia de Tecnologías Ambientalmente Sostenibles a través de Centro Demostrativo, Escuela de Oficios Itinerante y Diplomado en Energía Solar   (30434584-0)",CENTRO I+D,Centro de Investigación Privado,Centa Chile,71005,144750,si
992,2015,Tarapacá,1,"Centro de Tecnología del Agua de Iquique (CENTA)-Programa de Innovación y Transferencia de Tecnologías Ambientalmente Sostenibles a través de Centro Demostrativo, Escuela de Oficios Itinerante y Diplomado en Energía Solar   (30434584-0)              ",CENTRO I+D,Centro de Investigación Privado,Centa Chile,71005,144750,si
1007,2016,Coquimbo,4,"CORPORACIÓN REGIONAL DESARROLLO PRODUCTIVO-Diagnóstico cultura del agua en zonas áridas, en educación primaria (30413129-0)",CORPORACIÓN ,ONG / Fundación,Corporación Regional de Desarrollo Productivo de Coquimbo (CRDP),70990,75000,si
1017,2015,Coquimbo,4,"CORPORACIÓN REGIONAL DESARROLLO PRODUCTIVO-Diagnóstico cultura del agua en zonas áridas, en educación primaria (30413129-0)                                                                                                                               ",CORPORACIÓN,ONG / Fundación,Corporación Regional de Desarrollo Productivo de Coquimbo (CRDP),70990,37500,si
1018,2014,Coquimbo,4,CORPORACIÓN REGIONAL DESARROLLO PRODUCTIVO-Estudio técnico-económico comparativo de instalación entre una planta desaladora y una planta de reutilización de aguas depuradas.                                                                             ,CORPORACIÓN,ONG / Fundación,Corporación Regional de Desarrollo Productivo de Coquimbo (CRDP),70990,119000,si
1021,2016,Coquimbo,4,CORPORACIÓN REGIONAL DESARROLLO PRODUCTIVO-Investigación soluciones innovadoras para el abastecimiento de agua (30378476-0),CORPORACIÓN ,ONG / Fundación,Corporación Regional de Desarrollo Productivo de Coquimbo (CRDP),70990,40000,si
1040,2012,Arica y Parinacota,15,Prospección Mejoramiento Eficiencia Riego Olivos Azapa.(30110765-0),AGENCIA,Organismo público,Instituto de Investigaciones Agropecuarias (INIA),70989,0,si
1054,2016,Antofagasta,2,CULTIVOS HIDROBIOLOGICOS Y BIOTECNOLOGÍA AGUAMARINA S.A. Transferencia Sist. Biotecnológico Remoción Metales Pesados  - Transferencia (30412847-0),OTROS,Empresa,CULTIVOS HIDROBIOLOGICOS Y BIOTECNOLOGÍA AGUAMARINA S.A.,71004,147630,si
1055,2015,Antofagasta,2,CULTIVOS HIDROBIOLOGICOS Y BIOTECNOLOGÍA AGUAMARINA S.A. Transferencia Sist. Biotecnológico Remoción Metales Pesados  - Transferencia (30412847-0)                                                                                                        ,CORPORACIÓN,Empresa,CULTIVOS HIDROBIOLOGICOS Y BIOTECNOLOGÍA AGUAMARINA S.A.,71004,49210,si
1096,2010,Valparaíso,5,Desarrollo Sistema Prototipo Pronóstico de Agua en Epoca de Deshielo,UNIVERSIDAD,Institución de Educación superior,Universidad Técnica Federico Santa María,240,0,si
1100,2011,Valparaíso,5,"Diagnóstico Cuenca Valle de Casablanca con Tecnología Geoespacial, 2011-2012",UNIVERSIDAD,Institución de Educación superior,Universidad Técnica Federico Santa María,240,120770,si
1139,2012,Los Ríos,10,Diagnóstico Puesta en Valor del Río Bueno y Humedales (30127398-0),CENTRO I+D,Organismo público,Agencia Regional de Desarrollo Productivo (ARDP),71003,8033,si
1145,2012,Magallanes,13,Difusión Cartografía Digital a Escala Local Parque T. del Paine. (30127751-0),CENTRO I+D,Centro de Investigación Privado,Centro de Estudios del Cuaternario de Fuego-Patagonia y Antártica,70998,35000,si
1161,2012,Magallanes,13,"Difusión la Ruta del Hielo, Turismo Historia Glacial. (30127735-0)",CENTRO I+D,Centro de Investigación Privado,Centro de Estudios del Cuaternario de Fuego-Patagonia y Antártica,70998,11000,si
1192,2011,Arica y Parinacota,15,Equipamiento Recuperación Residuos Líquidos Industriales para Riego(30110579-0),UNIVERSIDAD,Institución de Educación superior,Universidad de Tarapacá,311,84846,si
1194,2012,Arica y Parinacota,15,Equipamiento Recuperación Residuos Líquidos Industriales para Riego(30110579-0),UNIVERSIDAD,Institución de Educación superior,Universidad de Tarapacá,311,35000,si
1208,2011,Arica y Parinacota,15,Equipamiento Unidad Tratamiento Móvil para Aguas Naturales IN-SITU(30110571-0),UNIVERSIDAD,Institución de Educación superior,Universidad de Tarapacá,311,0,si
1266,2012,Arica y Parinacota,15,Equipamiento Unidad Tratamiento Móvil para Aguas Naturales IN-SITU(30110571-0),UNIVERSIDAD,Institución de Educación superior,Universidad de Tarapacá,311,40510,si
1267,2011,Atacama,3,Estudio tratabilidad  aguas claras  tranque de relaves Pampa austral para diversificación  productiva Diego de Almagro.,CENTRO I+D,Centro de Investigación Privado,Centro de Investigacón Minera y Metalúrgica,71002,80000,si
1272,2012,Atacama,3,Estudio tratabilidad  aguas claras  tranque de relaves Pampa austral para diversificación  productiva Diego de Almagro.,CENTRO I+D,Centro de Investigación Privado,Centro de Investigacón Minera y Metalúrgica,71002,69769,si
1282,2014,Valparaíso,5,FEDEFRUTA - Uso Eficiente del Agua Zona Sur Región de Valparaíso (30351074)                                                                                                                                                                               ,CORPORACIÓN,Asociación Gremial / de Empresas,FEDEFRUTA,1250,150000,si
1285,2015,Valparaíso,5,FEDEFRUTA- TRANSFERENCIA DE GESTION  RECURSO HIDRICO COMITES AGUA POTABLE RURAL -30370224                                                                                                                                                                 ,CORPORACIÓN,Asociación Gremial / de Empresas,FEDEFRUTA,1250,3500,si
1343,2015,Valparaíso,5,FEDEFRUTA-TRANSFERENCIA CAPACIDADES PARA GESTION RECURSO HIDRICO PREDIAL - 30370343                                                                                                                                                                       ,CORPORACIÓN,Asociación Gremial / de Empresas,FEDEFRUTA,1250,3500,si
1346,2015,Valparaíso,5,FEDEFRUTA-TRANSFERENCIA GESTION RECURSO HIDRICO COMITES DE USUARIOS DE AGUA -30370334                                                                                                                                                                     ,CORPORACIÓN,Asociación Gremial / de Empresas,FEDEFRUTA,1250,3500,si
1353,2013,Arica y Parinacota,15,201 INIA-Transferencia Plataforma Zonif. Agrometerologica Cultivos Riego AyP.,AGENCIA,Organismo público,Instituto de Investigaciones Agropecuarias (INIA),70989,34644,si
1368,2011,Arica y Parinacota,15,Fortalecimiento Capacidades Locales Gestión Recursos Hídricos.,CENTRO I+D,ONG / Fundación,Fundación Chile,509,54543,si
1369,2012,Arica y Parinacota,15,Fortalecimiento Capacidades Locales Gestión Recursos Hídricos.,CENTRO I+D,ONG / Fundación,Fundación Chile,509,54543,si
1395,2016,Coquimbo,4,FUNDACION CHILE - Análisis Reúso de Aguas Residuales Tratadas para uso Productivo (30404132-0).,CENTRO I+D,ONG / Fundación,Fundación Chile,509,41855,si
1397,2015,Coquimbo,4,FUNDACION CHILE - Análisis Reúso de Aguas Residuales Tratadas para uso Productivo (30404132-0).                                                                                                                                                           ,CENTRO I+D,ONG / Fundación,Fundación Chile,509,41855,si
1398,2014,Valparaíso,5,Fundación Chile - Diagnóstico Potencial de Reuso Aguas Residuales Tratadas V Región (30351025-0)                                                                                                                                                          ,CENTRO I+D,ONG / Fundación,Fundación Chile,509,147799,si
1400,2016,Arica y Parinacota,15,FUNDACIÓN CHILE- Transferencia Desarrollo Sistema Portabilizador de agua Tec Membranas Camarones                                 ,CENTRO I+D,ONG / Fundación,Fundación Chile,509,133705,si
1406,2014,Arica y Parinacota,15,FUNDACION CHILE- Transferencia Desarrollo Sistema Portabilizador de agua Tec Membranas Camarones                                                                                                                                                          ,CENTRO I+D,ONG / Fundación,Fundación Chile,509,58952,si
1421,2015,Arica y Parinacota,15,FUNDACION CHILE- Transferencia Desarrollo Sistema Portabilizador de agua Tec Membranas Camarones                                                                                                                                                          ,CENTRO I+D,ONG / Fundación,Fundación Chile,509,30969,si
1425,2014,Valparaíso,5,Fundación Chile-Transferencia Tecnología Nanofiltración con Energía Solar Isla de Pascua (30154172-0)                                                                                                                                                     ,CENTRO I+D,ONG / Fundación,Fundación Chile,509,120946,si
1427,2015,Bernardo O´higgins,6,Fundación CSIRO-Chile Research- Transferencia Plan de Gestión Integrada Cuenca Rapel (30427997-0)                                                                                                                                                         ,CENTRO I+D,ONG / Fundación,Fundación CSIRO Chile,70991,39365,si
1428,2016,Bernardo O´higgins,6,FUNDACIÓN CSIRO-CHILE RESEARCH- TRANSFERENCIAPLAN DE GESTIÓN INTEGRADA CUENCA RAPEL. (30427997-0),CENTRO I+D,Centro de Investigación Privado,Fundación CSIRO Chile,70991,59047,si
1429,2016,Bernardo O´higgins,6,Fundación Empresarial Comunidad Europea Chile-Agua atmosférica para riego con energías renovables (30477038-0),OTROS,ONG / Fundación,Fundación para el Desarrollo Frutícola,70992,126856,si
1433,2015,Bernardo O´higgins,6,Fundación para el Desarrollo Frutícola (FDF)-Transferencia Catálogo de Soluciones Tecnológicas Eficiencia Hídrica (30427999-0)                                                                                                                            ,CENTRO I+D,ONG / Fundación,Fundación para el Desarrollo Frutícola,70992,18011,si
1435,2016,Bernardo O´higgins,6,FUNDACIÓN PARA EL DESARROLLO FRUTÍCOLA -FDF-TRANSFERENCIA CATÁLOGO DE SOLUCIONES TECNOLÓGICAS EFICIENCIA HÍDRICA. (30427999-0),OTROS,ONG / Fundación,Fundación para el Desarrollo Frutícola,70992,54033,si
1443,2014,Valparaíso,5,Fundación Wageningen UR Chile-Transferencia Tecnológica Invernaderos Autosustentables Agua y Energía (30351034-0)                                                                                                                                         ,CORPORACIÓN,ONG / Fundación,Fundación Wageningen UR Chil,70993,149910,si
1462,2010,Maule,7,Implementación Sistema de Apoyo Toma de Decisiones Referentes a la Priorización de Areas Beneficiarias de Subsidios y para la Definición de Estrategias de Mitigación y Remediación de la Erosión Hídrica del Suelo Secano Interior de la Región 2010,AGENCIA,Organismo público,Instituto de Investigaciones Agropecuarias (INIA),70989,16500,si
1465,2016,Coquimbo,4,INIA - Análisis Forraje Verde Hidropónico para Crianceros del Limarí (30404133-0).,AGENCIA,Organismo público,Instituto de Investigaciones Agropecuarias (INIA),70989,49945,si
1473,2015,Coquimbo,4,INIA - Análisis Forraje Verde Hidropónico para Crianceros del Limarí (30404133-0).                                                                                                                                                                        ,AGENCIA,Organismo público,Instituto de Investigaciones Agropecuarias (INIA),70989,49945,si
1477,2016,Coquimbo,4,INIA - Investigación Vigilancia Online de la Calidad del Agua (30403028-0).,AGENCIA,Organismo público,Instituto de Investigaciones Agropecuarias (INIA),70989,96566,si
1483,2015,Coquimbo,4,INIA - Investigación Vigilancia Online de la Calidad del Agua (30403028-0).                                                                                                                                                                               ,AGENCIA,Organismo público,Instituto de Investigaciones Agropecuarias (INIA),70989,48283,si
1484,2014,Arica y Parinacota,15,INIA - Programa Transferencia Sustentable para Agricultura de Zonas Aridas (BIP 30132365-0)                                                                                                                                                               ,AGENCIA,Organismo público,Instituto de Investigaciones Agropecuarias (INIA),70989,67469,si
1488,2016,Aysén,12,INIA - Transferencia Estrategias forrajeras para períodos de sequía estival (30347123-0),AGENCIA,Organismo público,Instituto de Investigaciones Agropecuarias (INIA),70989,38577,si
1509,2014,Aysén,12,INIA - Transferencia Estrategias forrajeras para períodos de sequía estival (30347123-0)                                                                                                                                                                  ,AGENCIA,Organismo público,Instituto de Investigaciones Agropecuarias (INIA),70989,32246,si
1518,2016,Coquimbo,4,INIA - Transferencia Tecnológica en Agronomía del Riego Frutales (30404122-0).,AGENCIA,Organismo público,Instituto de Investigaciones Agropecuarias (INIA),70989,99938,si
1523,2015,Coquimbo,4,INIA - Transferencia Tecnológica en Agronomía del Riego Frutales (30404122-0).                                                                                                                                                                            ,AGENCIA,Organismo público,Instituto de Investigaciones Agropecuarias (INIA),70989,49970,si
1525,2016,Coquimbo,4,INIA - Transferencia Tecnológica para la Optimización del Riego en Hortalizas (30404134-0).,AGENCIA,Organismo público,Instituto de Investigaciones Agropecuarias (INIA),70989,91422,si
1526,2015,Coquimbo,4,INIA - Transferencia Tecnológica para la Optimización del Riego en Hortalizas (30404134-0).                                                                                                                                                               ,AGENCIA,Organismo público,Instituto de Investigaciones Agropecuarias (INIA),70989,45711,si
1530,2014,Atacama,3,"INIA-Obtención de hortalizas baby, mediante sistemas productivos de bajo rendimiento hídrico (30337605)                                                                                                                                                   ",AGENCIA,Organismo público,Instituto de Investigaciones Agropecuarias (INIA),70989,26527,si
1546,2015,Atacama,3,"INIA-Obtención de hortalizas baby, mediante sistemas productivos de bajo rendimiento hídrico (30337605)                                                                                                                                                   ",AGENCIA,Organismo público,Instituto de Investigaciones Agropecuarias (INIA),70989,53056,si
1559,2014,Coquimbo,4,"INIA-Transferencia estudio sobre requerimientos hídricos mínimos par mantener los estandares de rendimiento y calidad del cultivo del nogal, bajo las condiciones de restricción hídrica presentes en la zona productiva de la región de Coquimbo.        ",AGENCIA,Organismo público,Instituto de Investigaciones Agropecuarias (INIA),70989,54747,si
1564,2015,Coquimbo,4,"INIA-Transferencia estudio sobre requerimientos hídricos mínimos par mantener los estandares de rendimiento y calidad del cultivo del nogal, bajo las condiciones de restricción hídrica presentes en la zona productiva de la región de Coquimbo.        ",AGENCIA,Organismo público,Instituto de Investigaciones Agropecuarias (INIA),70989,51078,si
1565,2014,Bernardo O´higgins,6,"INIA-Transferencia Mejoramiento Competitivo Maíz, Riego por Pulso.                                                                                                                                                                                        ",AGENCIA,Organismo público,Instituto de Investigaciones Agropecuarias (INIA),70989,32651,si
1568,2014,Arica y Parinacota,15,INIA-Transferencia Plataforma Zonif Agrometerológica Cultivos Riego AyP                                                                                                                                                                                   ,AGENCIA,Organismo público,Instituto de Investigaciones Agropecuarias (INIA),70989,103932,si
1579,2014,Valparaíso,5,INIA-Transferencia Tecnológica Optimización Hídrica Producción Paltos (30155322-0)                                                                                                                                                                        ,AGENCIA,Organismo público,Instituto de Investigaciones Agropecuarias (INIA),70989,112726,si
1631,2016,Maule,7,Instituto de Investigaciones Agropecuarias (INIA)-Reducción de Pérdidas de Agua  en Canales de Riego Vía Polímeros,AGENCIA,Organismo público,Instituto de Investigaciones Agropecuarias (INIA),70989,60548,si
1637,2015,Maule,7,Instituto de Investigaciones Agropecuarias (INIA)-Reducción de Pérdidas de Agua  en Canales de Riego Vía Polímeros                                                                                                                                        ,AGENCIA,Organismo público,Instituto de Investigaciones Agropecuarias (INIA),70989,39892,si
1642,2011,Aysén,12,"Investigación Capital Humano CIEP Sistema Hídrico y Campos de Hielo, 2011-2012",UNIVERSIDAD,Institución de Educación superior,Universidad Austral de Chile,94,30833,si
1658,2012,Aysén,12,"Investigación Capital Humano CIEP Sistema Hídrico y Campos de Hielo, 2011-2012",UNIVERSIDAD,Institución de Educación superior,Universidad Austral de Chile,94,54335,si
1659,2011,Arica y Parinacota,15,"Mejoramiento y Protección de Recursos Hídricos en el Valle del Río Lluta, 2011-2012",UNIVERSIDAD,Institución de Educación superior,Pontificia Universidad Católica de Chile,67,49900,si
1661,2016,Coquimbo,4,"PONTIFICIA U. CATÓLICA DE CHILE - Análisis Gestión Predial de Recursos Hídricos, Calidad de Suelo (30404141-0).",UNIVERSIDAD,Institución de Educación superior,Pontificia Universidad Católica de Chile,67,86541,si
1662,2015,Coquimbo,4,"PONTIFICIA U. CATÓLICA DE CHILE - Análisis Gestión Predial de Recursos Hídricos, Calidad de Suelo (30404141-0).                                                                                                                                           ",UNIVERSIDAD,Institución de Educación superior,Pontificia Universidad Católica de Chile,67,43270,si
1664,2016,Valparaíso,5,Pontificia Universidad Católica de Chile-Plantaciones Mediante Sistema Captación Aguas Lluvias (30397674-0),UNIVERSIDAD,Institución de Educación superior,Pontificia Universidad Católica de Chile,67,74796,si
1669,2015,Valparaíso,5,Pontificia Universidad Católica de Chile-Plantaciones Mediante Sistema Captación Aguas Lluvias (30397674-0)                                                                                                                                               ,UNIVERSIDAD,Institución de Educación superior,Pontificia Universidad Católica de Chile,67,74796,si
1688,2011,Atacama,3,Programa de eficiencia hídrica para los  agricultores del Sector San Fernando de la Provincia de Copiapó.,UNIVERSIDAD,Institución de Educación superior,Universidad de Chile,125,80000,si
1736,2012,Atacama,3,Programa de eficiencia hídrica para los  agricultores del Sector San Fernando de la Provincia de Copiapó.,UNIVERSIDAD,Institución de Educación superior,Universidad de Chile,125,54875,si
1754,2015,Valparaíso,5,PUCV CERES- TRANSFERENCIA E IMPLEMENTACION DISEÑOS HIDROLOGICOS -30370227                                                                                                                                                                                 ,UNIVERSIDAD,Institución de Educación superior,Pontificia Universidad Católica de Valparaíso,69,6996,si
1755,2010,Magallanes,13,Ruta de la Edad del Hielo en la Región 2009-2010,CENTRO I+D,Centro de Investigación Privado,Centro de Estudios del Cuaternario de Fuego-Patagonia y Antártica,70998,14752,si
1761,2012,Coquimbo,4,Transferencia análisis opciones solución energética para sistemas de APR en la Región. (30127541-0),CENTRO I+D,Organización Internacional,Centro del Agua para Zonas Áridas de América Latina y el Caribe (CAZALAC),70988,23495,si
1794,2011,Maule,7,Transferencia Diseño y Construcción Sistema Captación de Aguas Lluvias,UNIVERSIDAD,Institución de Educación superior,Universidad Adolfo Ibáñez,88,44900,si
1802,2012,Maule,7,Transferencia Diseño y Construcción Sistema Captación de Aguas Lluvias,UNIVERSIDAD,Institución de Educación superior,Universidad Adolfo Ibáñez,88,120000,si
1810,2011,Coquimbo,4,"Transferencia Equipamiento Planta Osmosis Inversa, Energía Fotovoltaica.",CENTRO I+D,Organización Internacional,Universidad Adolfo Ibáñez,88,87737,si
1811,2011,Bernardo O´higgins,6,Transferencia Establecimiento de Red de Estaciones Nivo-Glaciares de Cordillera de la Región.,UNIVERSIDAD,Institución de Educación superior,Universidad Adolfo Ibáñez,88,249911,si
1816,2012,Bernardo O´higgins,6,Transferencia Establecimiento de Red de Estaciones Nivo-Glaciares de Cordillera de la Región.,UNIVERSIDAD,Institución de Educación superior,Universidad Adolfo Ibáñez,88,164230,si
1817,2011,Maule,7,"Transferencia Estudio Suministro Energético Fotovoltaico para Riego, 2011-2012",UNIVERSIDAD,Institución de Educación superior,Universidad Adolfo Ibáñez,88,24862,si
1822,2012,Maule,7,"Transferencia Estudio Suministro Energético Fotovoltaico para Riego, 2011-2012",UNIVERSIDAD,Institución de Educación superior,Universidad Adolfo Ibáñez,88,99446,si
1842,2012,Bernardo O´higgins,6,Transferencia modelo de gestión de comunidades de aguas y su implementación.,CORPORACIÓN ,ONG / Fundación,Universidad Adolfo Ibáñez,88,17825,si
1846,2011,Coquimbo,4,Transferencia Red Meteorológica en la Región.,CENTRO I+D,Centro de Investigación Privado,Universidad Adolfo Ibáñez,88,228312,si
1849,2012,Coquimbo,4,Transferencia Red Meteorológica en la Región.,CENTRO I+D,Centro de Investigación Privado,Universidad Adolfo Ibáñez,88,256492,si
1853,2011,Maule,7,"Transferencia Técnicas de Riego a Pequeña Escala para Productores, 2011-2013",UNIVERSIDAD,Institución de Educación superior,Universidad Adolfo Ibáñez,88,28400,si
1855,2012,Maule,7,"Transferencia Técnicas de Riego a Pequeña Escala para Productores, 2011-2013",UNIVERSIDAD,Institución de Educación superior,Universidad Adolfo Ibáñez,88,89500,si
1856,2012,Valparaíso,5,Transferencia técnicas para  sustentabilidad hídrica Provincia  Petorca. (30127976-0),UNIVERSIDAD,Institución de Educación superior,Universidad Adolfo Ibáñez,88,125331,si
1866,2012,Valparaíso,5,Transferencia tecnológica para gestión eficiente del recurso hídrico. (30127982-0),UNIVERSIDAD,Institución de Educación superior,Universidad Adolfo Ibáñez,88,185500,si
1896,2012,Los Lagos,11,Tratamiento de lodos residuales de pisciculturas (30128388-0),UNIVERSIDAD,Institución de Educación superior,Universidad Adolfo Ibáñez,88,40749,si
1906,2014,Bío Bío,8,U. Concepción-Utilización Satélite MODIS para Estimar Agua para Riego en Cuencas Andinas                                                                                                                                                                  ,UNIVERSIDAD,Institución de Educación superior,Universidad Adolfo Ibáñez,88,14426,si
1907,2015,Bío Bío,8,U. Concepción-Utilización Satélite MODIS para Estimar Agua para Riego en Cuencas Andinas                                                                                                                                                                  ,UNIVERSIDAD,Institución de Educación superior,Universidad Adolfo Ibáñez,88,43278,si
1918,2014,Atacama,3,U. DE ANTOFAGASTA-Transferencia evaluación bioquímica de aguas en cuencas altoandinas                                                                                                                                                                     ,UNIVERSIDAD,Institución de Educación superior,Universidad Adolfo Ibáñez,88,73955,si
1946,2016,Atacama,3,U. DE ATACAMA-Transferencia cultivo acuapónico peces y hortalizas Falda Verde (30432924-0),UNIVERSIDAD,Institución de Educación superior,Universidad Adolfo Ibáñez,88,32675,si
1989,2014,Valparaíso,5,U. de Chile - Transferencia Tecnológica para Uso Eficiente del Agua (30350827-0)                                                                                                                                                                          ,UNIVERSIDAD,Institución de Educación superior,Universidad Adolfo Ibáñez,88,150000,si
1990,2015,Coquimbo,4,U. DE CHILE- Transferencia Riego de Precisión con Sensores de Suelo en Choapa   (30404130-0)                                                                                                                                                              ,UNIVERSIDAD,Institución de Educación superior,Universidad Adolfo Ibáñez,88,37500,si
1991,2016,Atacama,3,U. DE CHILE-Transferencia desarrollo red agrometereológica Huasco y difusión (30432872-0),UNIVERSIDAD,Institución de Educación superior,Universidad Adolfo Ibáñez,88,46171,si
1992,2015,Coquimbo,4,U. DE LA SERENA - Análisis Plataforma de Modelo Predictivo de Caudales de cabecera (30403032-0)                                                                                                                                                           ,UNIVERSIDAD,Institución de Educación superior,Universidad Adolfo Ibáñez,88,28260,si
1998,2014,Aysén,12,U. de Magallanes - Transferencia Atlas temático-divulgativo  Caleta  Tortel y alrededores (30347072-0)                                                                                                                                                    ,UNIVERSIDAD,Institución de Educación superior,Universidad Adolfo Ibáñez,88,12444,si
2003,2014,Valparaíso,5,U. Técnica F. Santa María - Transferencia Tecnológica Conducción del Agua en Canales de Riego (30351031-0)                                                                                                                                                ,UNIVERSIDAD,Institución de Educación superior,Universidad Adolfo Ibáñez,88,148922,si
2011,2016,Atacama,3,U.DE ATACAMA-Desarrollo de un sistema de cultivo mixto sustentable de peces y hortalizas utilizando agua de atrapa-niebla y energías limpias (30337674),UNIVERSIDAD,Institución de Educación superior,Universidad Adolfo Ibáñez,88,29232,si
2019,2014,Atacama,3,U.DE ATACAMA-Desarrollo de un sistema de cultivo mixto sustentable de peces y hortalizas utilizando agua de atrapa-niebla y energías limpias (30337674)                                                                                                   ,UNIVERSIDAD,Institución de Educación superior,Universidad Adolfo Ibáñez,88,37500,si
2020,2015,Atacama,3,U.DE ATACAMA-Desarrollo de un sistema de cultivo mixto sustentable de peces y hortalizas utilizando agua de atrapa-niebla y energías limpias (30337674)                                                                                                   ,UNIVERSIDAD,Institución de Educación superior,Universidad Adolfo Ibáñez,88,82000,si
2021,2016,Atacama,3,U.DE ATACAMA-inventario de glaciares y otras reservas hídricas de la III Región de Atacama y áreas binacionales (30337509),UNIVERSIDAD,Institución de Educación superior,Universidad Adolfo Ibáñez,88,31498,si
2022,2014,Atacama,3,U.DE ATACAMA-inventario de glaciares y otras reservas hídricas de la III Región de Atacama y áreas binacionales (30337509)                                                                                                                                ,UNIVERSIDAD,Institución de Educación superior,Universidad Adolfo Ibáñez,88,32874,si
2030,2015,Atacama,3,U.DE ATACAMA-inventario de glaciares y otras reservas hídricas de la III Región de Atacama y áreas binacionales (30337509)                                                                                                                                ,UNIVERSIDAD,Institución de Educación superior,Universidad Adolfo Ibáñez,88,42278,si
2055,2015,Coquimbo,4,U.DE CHILE- Transferencia Tecnológica e Innovación en Riego Uva Pisquera Limarí (30404129-0)                                                                                                                                                              ,UNIVERSIDAD,Institución de Educación superior,Universidad Adolfo Ibáñez,88,37707,si
2056,2015,Coquimbo,4,U.DE LA SERENA- Análisis Optimización Uso en Agua Potable en Núcleos Urbanos (30404126-0)                                                                                                                                                                 ,UNIVERSIDAD,Institución de Educación superior,Universidad Adolfo Ibáñez,88,16500,si
2057,2014,Arica y Parinacota,15,U.Tarapacá- Transferencia Implementación Planta Desalación Termica Aguas Salobres Taltape                                                                                                                                                                 ,UNIVERSIDAD,Institución de Educación superior,Universidad Adolfo Ibáñez,88,134467,si
2063,2016,Los Ríos,10,UACH-Transferencia Captación de Aguas Lluvias en Zonas Rurales. Código BIP 30421574-0,UNIVERSIDAD,Institución de Educación superior,Universidad Adolfo Ibáñez,88,14986,si
2064,2015,Los Ríos,10,UACH-Transferencia Captación de Aguas Lluvias en Zonas Rurales. Código BIP 30421574-0                                                                                                                                                                     ,UNIVERSIDAD,Institución de Educación superior,Universidad Adolfo Ibáñez,88,44958,si
2109,2015,Los Ríos,10,UACH-Transferencia Red de Monitoreo Ambiental del Estuario Río Valdivia. Código Bip 30422482-0                                                                                                                                                            ,UNIVERSIDAD,Institución de Educación superior,Universidad Adolfo Ibáñez,88,44952,si
2218,2016,Los Lagos,11,ULA-Observatorio para la sustentabilidad del ecosistema acuícola (OSEA) de la X región (30423060-0),UNIVERSIDAD,Institución de Educación superior,Universidad Adolfo Ibáñez,88,50284,si
2224,2016,Región Metropolitana,14,Universidad Adolfo Ibáñez-Recarga hídrica de suelos para la infiltración de aguas (30449382-0),UNIVERSIDAD,Institución de Educación superior,Universidad Adolfo Ibáñez,88,74900,si
2225,2016,Maule,7,Universidad Andrés Bello-Recuperación Recurso Hídrico Vía Proceso Innovador,UNIVERSIDAD,Institución de Educación superior,Universidad Adolfo Ibáñez,88,98800,si
2226,2014,Maule,7,Universidad Andrés Bello-Recuperación Recurso Hídrico Vía Proceso Innovador                                                                                                                                                                               ,UNIVERSIDAD,Institución de Educación superior,Universidad Adolfo Ibáñez,88,1000,si
2227,2015,Maule,7,Universidad Andrés Bello-Recuperación Recurso Hídrico Vía Proceso Innovador                                                                                                                                                                               ,UNIVERSIDAD,Institución de Educación superior,Universidad Adolfo Ibáñez,88,99800,si
2235,2014,Tarapacá,1,UNIVERSIDAD ARTURO PRAT - Caracterización de monitoreo de los recursos hídricos de la Región.                                                                                                                                                             ,UNIVERSIDAD,Institución de Educación superior,Universidad Adolfo Ibáñez,88,72212,si
2241,2016,Maule,7,Universidad Católica de la Santísima Concepción-Modelo de Mejoramiento de Calidad del Agua del Río Longaví,UNIVERSIDAD,Institución de Educación superior,Universidad Adolfo Ibáñez,88,150361,si
2265,2015,Maule,7,Universidad Católica de la Santísima Concepción-Modelo de Mejoramiento de Calidad del Agua del Río Longaví                                                                                                                                                ,UNIVERSIDAD,Institución de Educación superior,Universidad Adolfo Ibáñez,88,1000,si
2266,2015,Tarapacá,1,Universidad Católica de Valparaíso-Sistema Integral para el tratamiento y uso de aguas de riego para la región de Tarapacá   (30434872-0)                                                                                                                 ,UNIVERSIDAD,Institución de Educación superior,Universidad Adolfo Ibáñez,88,97561,si
2267,2016,Tarapacá,1,Universidad Católica de Valparaíso-Sistema Integral para el tratamiento y uso de aguas de riego para la región de Tarapacá  (30434872-0),UNIVERSIDAD,Institución de Educación superior,Universidad Adolfo Ibáñez,88,62439,si
2270,2016,Coquimbo,4,UNIVERSIDAD CATÓLICA DEL NORTE - Análisis Evaluación de Recursos Hídricos Subterráneos Costeros (30404173-0).,UNIVERSIDAD,Institución de Educación superior,Universidad Adolfo Ibáñez,88,39135,si
2274,2015,Coquimbo,4,UNIVERSIDAD CATÓLICA DEL NORTE - Análisis Evaluación de Recursos Hídricos Subterráneos Costeros (30404173-0).                                                                                                                                             ,UNIVERSIDAD,Institución de Educación superior,Universidad Adolfo Ibáñez,88,39135,si
2275,2016,Coquimbo,4,UNIVERSIDAD CATÓLICA DEL NORTE - Análisis Sist. Automatizado Conducción-Distrib. Agua Emb. Recoleta (30403174-0).,UNIVERSIDAD,Institución de Educación superior,Universidad Adolfo Ibáñez,88,116486,si
2276,2015,Coquimbo,4,UNIVERSIDAD CATÓLICA DEL NORTE - Análisis Sist. Automatizado Conducción-Distrib. Agua Emb. Recoleta (30403174-0).                                                                                                                                         ,UNIVERSIDAD,Institución de Educación superior,Universidad Adolfo Ibáñez,88,41603,si
2277,2016,Coquimbo,4,UNIVERSIDAD CATÓLICA DEL NORTE - Análisis Tecnología para Depuración de Aguas Residuales (30403172-0).,UNIVERSIDAD,Institución de Educación superior,Universidad Adolfo Ibáñez,88,78097,si
2280,2015,Coquimbo,4,UNIVERSIDAD CATÓLICA DEL NORTE - Análisis Tecnología para Depuración de Aguas Residuales (30403172-0).                                                                                                                                                    ,UNIVERSIDAD,Institución de Educación superior,Universidad Adolfo Ibáñez,88,27892,si
2286,2016,Coquimbo,4,UNIVERSIDAD CATÓLICA DEL NORTE - Transferencia en el Uso de Atrapanieblas para uso Productivo (30404140-0).,UNIVERSIDAD,Institución de Educación superior,Universidad Adolfo Ibáñez,88,84870,si
2287,2015,Coquimbo,4,UNIVERSIDAD CATÓLICA DEL NORTE - Transferencia en el Uso de Atrapanieblas para uso Productivo (30404140-0).                                                                                                                                               ,UNIVERSIDAD,Institución de Educación superior,Universidad Adolfo Ibáñez,88,42435,si
2289,2016,Antofagasta,2,UNIVERSIDAD CATOLICA DEL NORTE - Transferencia Planta Modular Para Tratamiento Aguas Servidas  (30413449-0),UNIVERSIDAD,Institución de Educación superior,Universidad Adolfo Ibáñez,88,37954,si
2297,2015,Antofagasta,2,UNIVERSIDAD CATOLICA DEL NORTE - Transferencia Planta Modular Para Tratamiento Aguas Servidas  (30413449-0)                                                                                                                                               ,UNIVERSIDAD,Institución de Educación superior,Universidad Adolfo Ibáñez,88,37954,si
2302,2016,Antofagasta,2,UNIVERSIDAD CATOLICA DEL NORTE- Transferencia Desalación Termo Solar Usando Sistema De Evaporación (30414995-0),UNIVERSIDAD,Institución de Educación superior,Universidad Adolfo Ibáñez,88,77544,si
2303,2015,Antofagasta,2,UNIVERSIDAD CATOLICA DEL NORTE- Transferencia Desalación Termo Solar Usando Sistema De Evaporación (30414995-0)                                                                                                                                           ,UNIVERSIDAD,Institución de Educación superior,Universidad Adolfo Ibáñez,88,38772,si
2304,2014,Coquimbo,4,UNIVERSIDAD CATÓLICA DEL NORTE-Destilación solar de agua de mar para consumo humano.                                                                                                                                                                      ,UNIVERSIDAD,Institución de Educación superior,Universidad Adolfo Ibáñez,88,68508,si
2310,2015,Coquimbo,4,UNIVERSIDAD CATÓLICA DEL NORTE-Destilación solar de agua de mar para consumo humano.                                                                                                                                                                      ,UNIVERSIDAD,Institución de Educación superior,Universidad Adolfo Ibáñez,88,37757,si
2317,2015,Tarapacá,1,"Universidad Católica del Norte-Estudio de la calidad de las Aguas Subterráneas de la Cuenca de Pica, Valle de Quisma y Pica, Región de Tarapacá   (30434926-0)                                                                                            ",UNIVERSIDAD,Institución de Educación superior,Universidad Adolfo Ibáñez,88,127551,si
2320,2014,Coquimbo,4,UNIVERSIDAD DE CHILE-Optimización agua y energía en producción de uva pisquera.                                                                                                                                                                           ,UNIVERSIDAD,Institución de Educación superior,Universidad Adolfo Ibáñez,88,90886,si
2325,2015,Coquimbo,4,UNIVERSIDAD DE CHILE-Optimización agua y energía en producción de uva pisquera.                                                                                                                                                                           ,UNIVERSIDAD,Institución de Educación superior,Universidad Adolfo Ibáñez,88,37447,si
2327,2014,Coquimbo,4,UNIVERSIDAD DE CHILE-Proceso productivo en acuaponía.                                                                                                                                                                                                     ,UNIVERSIDAD,Institución de Educación superior,Universidad Adolfo Ibáñez,88,22064,si
2333,2015,Coquimbo,4,UNIVERSIDAD DE CHILE-Proceso productivo en acuaponía.                                                                                                                                                                                                     ,UNIVERSIDAD,Institución de Educación superior,Universidad Adolfo Ibáñez,88,34388,si
2334,2016,Coquimbo,4,UNIVERSIDAD DE CHILE-Transferencia innovación para uso eficiente del agua y la energía ....,UNIVERSIDAD,Institución de Educación superior,Universidad Adolfo Ibáñez,88,7627,si
2341,2014,Tarapacá,1,UNIVERSIDAD DE CHILE-Transferencia mapa de valor económico de servicios ecosistemáticos de Tarapacá.                                                                                                                                                      ,UNIVERSIDAD,Institución de Educación superior,Universidad Adolfo Ibáñez,88,62790,si
2345,2016,Coquimbo,4,UNIVERSIDAD DE CHILE-Transferencia riego de precisión con sensores de suelos en Choapa (30404130-0),UNIVERSIDAD,Institución de Educación superior,Universidad Adolfo Ibáñez,88,61500,si
2350,2016,Coquimbo,4,UNIVERSIDAD DE CHILE-Transferencia tecnológica e innovación en riego uva pisquera Limarí (30404129-0),UNIVERSIDAD,Institución de Educación superior,Universidad Adolfo Ibáñez,88,82666,si
2353,2014,Bernardo O´higgins,6,UNIVERSIDAD DE CONCEPCIÓN-Transferencia establecimiento de red de estaciones nivoglaciares de cordillera de la región.                                                                                                                                    ,UNIVERSIDAD,Institución de Educación superior,Universidad Adolfo Ibáñez,88,218748,si
2362,2015,Bernardo O´higgins,6,Universidad de Concepción-Transferencia Gestión de Información de Recursos Hídricos (30431873-0)                                                                                                                                                          ,UNIVERSIDAD,Institución de Educación superior,Universidad Adolfo Ibáñez,88,71324,si
2363,2016,Bernardo O´higgins,6,UNIVERSIDAD DE CONCEPCIÓN-TRANSFERENCIA GESTIÓN DE INFORMACIÓN DE RECURSOS HÍDRICOS. (30431873-0),UNIVERSIDAD,Institución de Educación superior,Universidad Adolfo Ibáñez,88,71324,si
2390,2016,Coquimbo,4,UNIVERSIDAD DE LA SERENA (ULS)-Análisis optimización en uso de agua potable en núcleos urbanos (30404126-0),UNIVERSIDAD,Institución de Educación superior,Universidad Adolfo Ibáñez,88,50000,si
2391,2016,Coquimbo,4,UNIVERSIDAD DE LA SERENA (ULS)-Análisis plataforma de modelo predictivo de caudales de cabecera (30403032-0),UNIVERSIDAD,Institución de Educación superior,Universidad Adolfo Ibáñez,88,102374,si
2392,2014,Coquimbo,4,UNIVERSIDAD DE LA SERENA-Optimización de la cobertura territorial distribución de aguas...                                                                                                                                                                ,UNIVERSIDAD,Institución de Educación superior,Universidad Adolfo Ibáñez,88,97041,si
2405,2015,Coquimbo,4,UNIVERSIDAD DE LA SERENA-Optimización de la cobertura territorial distribución de aguas...                                                                                                                                                                ,UNIVERSIDAD,Institución de Educación superior,Universidad Adolfo Ibáñez,88,26985,si
2407,2014,Coquimbo,4,UNIVERSIDAD DE LA SERENA-Sistema de monitoreo de caudales.                                                                                                                                                                                                ,UNIVERSIDAD,Institución de Educación superior,Universidad Adolfo Ibáñez,88,90750,si
2421,2015,Coquimbo,4,UNIVERSIDAD DE LA SERENA-Sistema de monitoreo de caudales.                                                                                                                                                                                                ,UNIVERSIDAD,Institución de Educación superior,Universidad Adolfo Ibáñez,88,44954,si
2425,2016,Los Ríos,10,Universidad de Los Lagos - Sede Puerto Montt - Innovación en turismo en la cuencia del Lago Ranco (30470400-0),UNIVERSIDAD,Institución de Educación superior,Universidad Adolfo Ibáñez,88,10000,si
2459,2016,Bernardo O´higgins,6,Universidad de Talca - Sistemas para Descontaminación de Agua de Riego (30419174-0),UNIVERSIDAD,Institución de Educación superior,Universidad Adolfo Ibáñez,88,66520,si
2481,2016,Maule,7,Universidad de Talca-Tecnología Satelital para Mejorar el Uso del Agua,UNIVERSIDAD,Institución de Educación superior,Universidad Adolfo Ibáñez,88,37969,si
2499,2014,Maule,7,Universidad de Talca-Tecnología Satelital para Mejorar el Uso del Agua                                                                                                                                                                                    ,UNIVERSIDAD,Institución de Educación superior,Universidad Adolfo Ibáñez,88,1000,si
2504,2015,Maule,7,Universidad de Talca-Tecnología Satelital para Mejorar el Uso del Agua                                                                                                                                                                                    ,UNIVERSIDAD,Institución de Educación superior,Universidad Adolfo Ibáñez,88,48206,si
2506,2016,Maule,7,Universidad de Talca-Transferencia Diseño y Construcción Sistema Captación de Aguas Lluvias,UNIVERSIDAD,Institución de Educación superior,Universidad Adolfo Ibáñez,88,30217,si
2528,2014,Maule,7,Universidad de Talca-Transferencia Diseño y Construcción Sistema Captación de Aguas Lluvias                                                                                                                                                               ,UNIVERSIDAD,Institución de Educación superior,Universidad Adolfo Ibáñez,88,121692,si
2559,2015,Maule,7,Universidad de Talca-Transferencia Diseño y Construcción Sistema Captación de Aguas Lluvias                                                                                                                                                               ,UNIVERSIDAD,Institución de Educación superior,Universidad Adolfo Ibáñez,88,29499,si
2581,2016,Bernardo O´higgins,6,Universidad de Valparaíso - Optimización proceso Siembre de Nubes (30419027-0),UNIVERSIDAD,Institución de Educación superior,Universidad Adolfo Ibáñez,88,63193,si
2588,2016,Tarapacá,1,Universidad Santo Tomás-Desarrollo circuito turístico termal Prov. del Tamarugal (30477435-0),UNIVERSIDAD,Institución de Educación superior,Universidad Adolfo Ibáñez,88,135490,si
2621,2015,Los Lagos,11,UNIVERSIDAD SANTO TOMAS-Plan Manejo Sustentable y Modelo de Fiscalización para Humedades Musgo Pompón                                                                                                                                                     ,UNIVERSIDAD,Institución de Educación superior,Universidad Adolfo Ibáñez,88,5003,si
2632,2014,Tarapacá,1,"UNIVERSIDAD SANTO TOMAS-Transferencia programa para la puesta en valor del turismo termal, en comunidades indígenas del territorio andino de la región de Tarapacá.                                                                                       ",UNIVERSIDAD,Institución de Educación superior,Universidad Adolfo Ibáñez,88,83076,si
2662,2016,Valparaíso,5,Universidad Técnica Federico Santa María-Transferencia Tecnológica de Detección Fuentes de Agua Subterránea (30397632-0),UNIVERSIDAD,Institución de Educación superior,Universidad Adolfo Ibáñez,88,74700,si
2676,2015,Valparaíso,5,Universidad Técnica Federico Santa María-Transferencia Tecnológica de Detección Fuentes de Agua Subterránea (30397632-0)                                                                                                                                  ,UNIVERSIDAD,Institución de Educación superior,Universidad Adolfo Ibáñez,88,74700,si
2687,2016,Los Ríos,10,UST-Sede Osorno-Transferencia turismo Integrado en al Cuenca del Río bueno. Código Bip 30421624-0,UNIVERSIDAD,Institución de Educación superior,Universidad Adolfo Ibáñez,88,29996,si
2690,2015,Los Ríos,10,UST-Sede Osorno-Transferencia turismo Integrado en al Cuenca del Río bueno. Código Bip 30421624-0                                                                                                                                                         ,UNIVERSIDAD,Institución de Educación superior,Universidad Adolfo Ibáñez,88,29996,si
2693,2015,Valparaíso,5,UV- TRANSFERENCIA PRODUCCION ORGANICA CON BAJO CONSUMO DE AGUA - 30370234                                                                                                                                                                                 ,UNIVERSIDAD,Institución de Educación superior,Universidad Adolfo Ibáñez,88,7000,si
2696,2015,Valparaíso,5,UV- TRANSFERENCIA TECNOLOGICA TICS PARA USO EFICIENTE DE RECURSOS HIDRICOS - 30370223                                                                                                                                                                     ,UNIVERSIDAD,Institución de Educación superior,Universidad Adolfo Ibáñez,88,5900,si